,Intestinal stemness
AAACCTGCACCAGGTC-1-Ant_organoid_Ctrl,-0.6890797287970781
AAACCTGCACTAGTAC-1-Ant_organoid_Ctrl,-0.4130545368790627
AAACCTGGTAGAGGAA-1-Ant_organoid_Ctrl,-0.8514893772499635
AAACCTGGTTCTCATT-1-Ant_organoid_Ctrl,0.15439124342054128
AAACCTGTCAACGGGA-1-Ant_organoid_Ctrl,1.3476005172729493
AAACGGGGTACCGTTA-1-Ant_organoid_Ctrl,-0.11476301893591878
AAAGATGCATCGACGC-1-Ant_organoid_Ctrl,-0.5856913335435092
AAAGATGGTGAGCGAT-1-Ant_organoid_Ctrl,-0.7254276473820209
AAAGCAACAATTCCTT-1-Ant_organoid_Ctrl,-0.3976956907659769
AAAGCAATCACTCCTG-1-Ant_organoid_Ctrl,-0.7345407005632296
AAAGCAATCATGCATG-1-Ant_organoid_Ctrl,-0.47982435494661335
AAAGTAGCAATAACGA-1-Ant_organoid_Ctrl,0.12371365007013083
AAAGTAGCATCCCACT-1-Ant_organoid_Ctrl,-0.17478204727172852
AAAGTAGGTACCGCTG-1-Ant_organoid_Ctrl,-0.5400647470355033
AAATGCCCAAGAAAGG-1-Ant_organoid_Ctrl,-0.699619557922706
AAATGCCGTCTAAAGA-1-Ant_organoid_Ctrl,-0.8657915254309774
AAATGCCTCTCATTCA-1-Ant_organoid_Ctrl,-0.7885473826527596
AACACGTGTACCTACA-1-Ant_organoid_Ctrl,-0.8051997857540846
AACACGTGTCCGTGAC-1-Ant_organoid_Ctrl,0.16052996501326566
AACACGTTCCTAGGGC-1-Ant_organoid_Ctrl,-0.239013919532299
AACCATGCATACGCCG-1-Ant_organoid_Ctrl,-0.7184486433863639
AACCATGGTCAACATC-1-Ant_organoid_Ctrl,-0.13592058971524237
AACCGCGCACCAGATT-1-Ant_organoid_Ctrl,-0.5922654175013304
AACGTTGGTCCAAGTT-1-Ant_organoid_Ctrl,-0.7038659124821425
AACGTTGTCACGACTA-1-Ant_organoid_Ctrl,-0.6914921268634497
AACGTTGTCGGAGGTA-1-Ant_organoid_Ctrl,0.037898322641849516
AACTCAGCAGGCTCAC-1-Ant_organoid_Ctrl,0.9127086585760117
AACTCAGTCAGAGACG-1-Ant_organoid_Ctrl,-0.7554221495985984
AACTCCCAGGGCTTGA-1-Ant_organoid_Ctrl,0.33555019095540045
AACTCCCGTTTGACAC-1-Ant_organoid_Ctrl,0.4962767840921879
AACTCTTGTGCTTCTC-1-Ant_organoid_Ctrl,-0.39959782142192124
AACTTTCCAACACCCG-1-Ant_organoid_Ctrl,-0.541215657745488
AACTTTCCACCCATGG-1-Ant_organoid_Ctrl,0.0527956638485193
AACTTTCGTAAGAGAG-1-Ant_organoid_Ctrl,-0.731195051856339
AAGACCTTCAAGCCTA-1-Ant_organoid_Ctrl,-0.4449088567495346
AAGCCGCCAGGAATGC-1-Ant_organoid_Ctrl,-0.7265485014021397
AAGCCGCTCTTGAGAC-1-Ant_organoid_Ctrl,-0.32823522413149475
AAGGAGCAGAGGACGG-1-Ant_organoid_Ctrl,-0.7484137026965618
AAGGAGCTCCTGTACC-1-Ant_organoid_Ctrl,-0.5173753228038549
AAGGCAGAGAGTCTGG-1-Ant_organoid_Ctrl,0.258538651317358
AAGGCAGGTGGTACAG-1-Ant_organoid_Ctrl,-0.7847647170629353
AAGGTTCCAATCGGTT-1-Ant_organoid_Ctrl,0.047336194105446316
AAGGTTCCATGCAATC-1-Ant_organoid_Ctrl,-0.7033454928547144
AAGTCTGAGAAACGCC-1-Ant_organoid_Ctrl,-0.5124829419702291
AAGTCTGCAGAAGCAC-1-Ant_organoid_Ctrl,-0.8832871313020587
AAGTCTGCATACAGCT-1-Ant_organoid_Ctrl,-0.64174409981817
AAGTCTGTCAACCATG-1-Ant_organoid_Ctrl,0.034716705903410916
AAGTCTGTCACCGTAA-1-Ant_organoid_Ctrl,-0.800729152597487
AAGTCTGTCGGATGGA-1-Ant_organoid_Ctrl,-0.5073937948048115
AAGTCTGTCGGCCGAT-1-Ant_organoid_Ctrl,-0.388017177653237
AATCCAGAGCTGCAAG-1-Ant_organoid_Ctrl,-0.5114606729149819
AATCGGTCATCACGAT-1-Ant_organoid_Ctrl,-0.7899585144035518
AATCGGTTCAGAGCTT-1-Ant_organoid_Ctrl,-0.8111207450181246
ACACCAAAGTCCCACG-1-Ant_organoid_Ctrl,-0.04675733972340823
ACACCAACACAGCGTC-1-Ant_organoid_Ctrl,-0.25047504067420956
ACACCGGTCCAAATGC-1-Ant_organoid_Ctrl,-0.6688323052227497
ACACTGAAGACCCACC-1-Ant_organoid_Ctrl,-0.6283789641782641
ACACTGACAGTAGAGC-1-Ant_organoid_Ctrl,-0.27188951075077056
ACACTGAGTAACGTTC-1-Ant_organoid_Ctrl,-0.7064023531973362
ACACTGAGTAGCTAAA-1-Ant_organoid_Ctrl,-0.7974960785917937
ACACTGATCCCTAACC-1-Ant_organoid_Ctrl,-0.7348179368674754
ACAGCCGCAATGAATG-1-Ant_organoid_Ctrl,-0.703338539302349
ACAGCCGCAGGGAGAG-1-Ant_organoid_Ctrl,0.14881634518504144
ACAGCCGTCGTAGGAG-1-Ant_organoid_Ctrl,-0.14824006462004036
ACAGCTAAGAGAGCTC-1-Ant_organoid_Ctrl,0.005358487768098719
ACAGCTACATGTAGTC-1-Ant_organoid_Ctrl,-0.359371355548501
ACATACGGTCTCGTTC-1-Ant_organoid_Ctrl,-0.7610925647523255
ACATACGTCAACGGGA-1-Ant_organoid_Ctrl,-0.45677664899732917
ACATGGTAGGCCCTTG-1-Ant_organoid_Ctrl,-0.7206349341571331
ACATGGTGTCTCTCTG-1-Ant_organoid_Ctrl,-0.690482724532485
ACATGGTTCCGTCATC-1-Ant_organoid_Ctrl,-0.333674286454916
ACATGGTTCGCATGGC-1-Ant_organoid_Ctrl,-0.910033468301408
ACCAGTAAGAGGTTGC-1-Ant_organoid_Ctrl,-0.407894189953804
ACCAGTATCTACCTGC-1-Ant_organoid_Ctrl,0.24691205665469168
ACCCACTAGACTAGGC-1-Ant_organoid_Ctrl,-0.8186610877024941
ACCCACTCAGTAAGCG-1-Ant_organoid_Ctrl,-0.7002305995672942
ACCCACTGTCAATGTC-1-Ant_organoid_Ctrl,-0.5076021486520768
ACCCACTTCCAGTAGT-1-Ant_organoid_Ctrl,-0.9120451903343201
ACCCACTTCTCGCATC-1-Ant_organoid_Ctrl,-0.12624714515171945
ACCGTAAAGAGGGATA-1-Ant_organoid_Ctrl,-0.25119684394448993
ACCGTAAAGCTGCGAA-1-Ant_organoid_Ctrl,-0.06804792262613768
ACCGTAACATGCAACT-1-Ant_organoid_Ctrl,-0.6259245119988919
ACCGTAAGTCGTCTTC-1-Ant_organoid_Ctrl,-0.49120099225547165
ACCTTTACATGAACCT-1-Ant_organoid_Ctrl,-0.8545405588531867
ACGAGCCTCGTCTGCT-1-Ant_organoid_Ctrl,-0.3057134246826172
ACGAGGAAGGCTAGAC-1-Ant_organoid_Ctrl,-0.7129173515737057
ACGATACCAAACTGTC-1-Ant_organoid_Ctrl,-0.4266696226596832
ACGATACTCAAGCCTA-1-Ant_organoid_Ctrl,-0.39952475652098657
ACGATGTAGACAAAGG-1-Ant_organoid_Ctrl,1.1983704535663127
ACGATGTAGGACAGCT-1-Ant_organoid_Ctrl,-0.2540785862971097
ACGATGTCAACAACCT-1-Ant_organoid_Ctrl,-0.44394027635455136
ACGATGTGTCGTCTTC-1-Ant_organoid_Ctrl,-0.7539461107552051
ACGATGTTCGGTCTAA-1-Ant_organoid_Ctrl,-0.8802575320703909
ACGCAGCGTCATATCG-1-Ant_organoid_Ctrl,-0.413831952214241
ACGCAGCTCTGATTCT-1-Ant_organoid_Ctrl,-0.13681056141853332
ACGCCAGGTCACCTAA-1-Ant_organoid_Ctrl,-0.7606285776942968
ACGCCAGGTTATCCGA-1-Ant_organoid_Ctrl,-0.1764522677846253
ACGCCAGTCCAATGGT-1-Ant_organoid_Ctrl,-0.6272581688314676
ACGCCGACATGCTGGC-1-Ant_organoid_Ctrl,0.016412225533276814
ACGCCGAGTAAAGTCA-1-Ant_organoid_Ctrl,0.9751496332883834
ACGCCGAGTCACCCAG-1-Ant_organoid_Ctrl,-0.16088186318054795
ACGGAGAGTAATCGTC-1-Ant_organoid_Ctrl,-0.4083225693716668
ACGGAGATCACTTATC-1-Ant_organoid_Ctrl,-0.1800703248381615
ACGGCCATCGTTGCCT-1-Ant_organoid_Ctrl,-0.5401558151841164
ACGGGCTGTGCTAGCC-1-Ant_organoid_Ctrl,-0.15598608076572418
ACGGGTCAGCAGCCTC-1-Ant_organoid_Ctrl,0.15013095691800116
ACGGGTCCATTGCGGC-1-Ant_organoid_Ctrl,-0.8227353367209435
ACGGGTCGTAGGCTGA-1-Ant_organoid_Ctrl,-0.05334595896303651
ACGGGTCTCTTTACGT-1-Ant_organoid_Ctrl,-0.5078921821340918
ACGTCAAGTAAATACG-1-Ant_organoid_Ctrl,-0.3271354685816914
ACGTCAATCTGCGGCA-1-Ant_organoid_Ctrl,-0.6999783557094634
ACTATCTTCAGTGTTG-1-Ant_organoid_Ctrl,-0.8110616919398308
ACTATCTTCGTTGCCT-1-Ant_organoid_Ctrl,-0.4464250911772251
ACTGAACAGTACGATA-1-Ant_organoid_Ctrl,0.21143266591243448
ACTGAACTCCGTCATC-1-Ant_organoid_Ctrl,1.4260290607064963
ACTGAACTCTTCAACT-1-Ant_organoid_Ctrl,-0.749691889481619
ACTGAACTCTTTCCTC-1-Ant_organoid_Ctrl,-0.61570847583469
ACTGAGTGTATAATGG-1-Ant_organoid_Ctrl,-0.3778118983283639
ACTGAGTTCGCGATCG-1-Ant_organoid_Ctrl,-0.8213549277884886
ACTGATGAGGCTCAGA-1-Ant_organoid_Ctrl,-0.7586811438761651
ACTGATGCACAGACAG-1-Ant_organoid_Ctrl,-0.8047465632110834
ACTGATGCAGTGGGAT-1-Ant_organoid_Ctrl,-0.5420452275872231
ACTGATGTCGGTCCGA-1-Ant_organoid_Ctrl,-0.26473169393837453
ACTGCTCTCGGTGTTA-1-Ant_organoid_Ctrl,-0.7640528733842075
ACTGTCCAGAATCTCC-1-Ant_organoid_Ctrl,-0.4166385306790471
ACTGTCCCACGTTGGC-1-Ant_organoid_Ctrl,-0.7437042341381311
ACTTACTCACTATCTT-1-Ant_organoid_Ctrl,-0.7321358322491869
ACTTGTTCACCCATTC-1-Ant_organoid_Ctrl,-0.41492637485265726
ACTTTCAAGCGCTTAT-1-Ant_organoid_Ctrl,-0.15892188832163812
ACTTTCAAGTTATCGC-1-Ant_organoid_Ctrl,-0.7719439893789241
AGAATAGTCGGCATCG-1-Ant_organoid_Ctrl,-0.7374468928948045
AGACGTTCACGAAAGC-1-Ant_organoid_Ctrl,-0.5941111193690449
AGACGTTCACGGTGTC-1-Ant_organoid_Ctrl,-0.8658793492382393
AGACGTTTCCAGAAGG-1-Ant_organoid_Ctrl,-0.8339877402037382
AGAGCGAAGAGCTTCT-1-Ant_organoid_Ctrl,-0.10239706099033358
AGAGCGAGTAATTGGA-1-Ant_organoid_Ctrl,0.28073460966348646
AGAGCGAGTCTGGAGA-1-Ant_organoid_Ctrl,-0.8296894139796496
AGAGCGAGTTTGGCGC-1-Ant_organoid_Ctrl,-0.4732784381508828
AGAGCGATCACAGTAC-1-Ant_organoid_Ctrl,-0.4952259090542793
AGAGCGATCTTCCTTC-1-Ant_organoid_Ctrl,-0.6337966170907021
AGAGCTTCAAGGTTTC-1-Ant_organoid_Ctrl,-0.5403493912518025
AGAGTGGCAATGAAAC-1-Ant_organoid_Ctrl,0.5272306443750858
AGAGTGGGTACATGTC-1-Ant_organoid_Ctrl,-0.5390091167017818
AGAGTGGTCAGGCGAA-1-Ant_organoid_Ctrl,-0.09154410164803267
AGAGTGGTCCGTAGTA-1-Ant_organoid_Ctrl,-0.6122545881569386
AGATCTGGTCTCCATC-1-Ant_organoid_Ctrl,-0.8660667510330677
AGATTGCAGTATTGGA-1-Ant_organoid_Ctrl,0.1836414793878794
AGATTGCCAATGTTGC-1-Ant_organoid_Ctrl,-0.7593490235507488
AGATTGCGTCACAAGG-1-Ant_organoid_Ctrl,-0.29924827203154564
AGCAGCCAGGACATTA-1-Ant_organoid_Ctrl,-0.7478076861053705
AGCAGCCGTATATGAG-1-Ant_organoid_Ctrl,-0.48247161163017155
AGCAGCCGTGTGACGA-1-Ant_organoid_Ctrl,-0.5080770022980869
AGCAGCCGTTCATGGT-1-Ant_organoid_Ctrl,-1.0119708640873433
AGCAGCCTCTGGCGTG-1-Ant_organoid_Ctrl,-0.7011957899481058
AGCATACGTCGGCATC-1-Ant_organoid_Ctrl,-0.8027402011677622
AGCATACTCTAACGGT-1-Ant_organoid_Ctrl,-0.5294406566303224
AGCATACTCTAACTCT-1-Ant_organoid_Ctrl,-0.5832895472832024
AGCCTAAAGGCATGGT-1-Ant_organoid_Ctrl,-0.09008665522560477
AGCCTAACAGGACCCT-1-Ant_organoid_Ctrl,-0.841777851015795
AGCGGTCTCAAGAAGT-1-Ant_organoid_Ctrl,-0.6355313569353893
AGCGTATCAGACGTAG-1-Ant_organoid_Ctrl,-0.8206308192014694
AGCGTCGCAATAGCGG-1-Ant_organoid_Ctrl,-0.9399240554496646
AGCTCCTAGATGTAAC-1-Ant_organoid_Ctrl,-0.054977717995643605
AGCTCCTAGGGTTTCT-1-Ant_organoid_Ctrl,-0.99416634041816
AGCTCCTAGTCTTGCA-1-Ant_organoid_Ctrl,-0.27925954684615134
AGCTCCTCACCAGGCT-1-Ant_organoid_Ctrl,-0.021309209838509535
AGCTCCTGTGTAAGTA-1-Ant_organoid_Ctrl,-0.7753596223518252
AGCTTGACAGTCTTCC-1-Ant_organoid_Ctrl,-0.2989494527131319
AGGCCACAGTCACGCC-1-Ant_organoid_Ctrl,-0.4783179813623428
AGGCCACGTCATACTG-1-Ant_organoid_Ctrl,-0.5552275141444989
AGGCCGTAGAACTGTA-1-Ant_organoid_Ctrl,0.596690641194582
AGGCCGTAGTTCGATC-1-Ant_organoid_Ctrl,-0.45546501472592354
AGGCCGTCATCATCCC-1-Ant_organoid_Ctrl,0.19195912264753134
AGGCCGTGTACGCACC-1-Ant_organoid_Ctrl,-0.8127864010632038
AGGGAGTAGGTGTTAA-1-Ant_organoid_Ctrl,-0.8961629010736942
AGGGAGTCAGGGTACA-1-Ant_organoid_Ctrl,-0.4165815408481285
AGGGAGTTCCGTAGGC-1-Ant_organoid_Ctrl,0.5951604883372783
AGGGATGAGATACACA-1-Ant_organoid_Ctrl,-0.3142840632051229
AGGGATGAGGCCCTCA-1-Ant_organoid_Ctrl,-0.789822996892035
AGGGATGCAAGGTTTC-1-Ant_organoid_Ctrl,-0.410841234177351
AGGGATGCATAGACTC-1-Ant_organoid_Ctrl,-0.4742675222456455
AGGGATGCATGCTAGT-1-Ant_organoid_Ctrl,-0.498135999776423
AGGGTGATCACCCTCA-1-Ant_organoid_Ctrl,-0.75182571567595
AGGGTGATCTGGAGCC-1-Ant_organoid_Ctrl,0.2727433815598488
AGGTCATAGATATGGT-1-Ant_organoid_Ctrl,-0.4809167266171426
AGGTCATCAACACGCC-1-Ant_organoid_Ctrl,-0.73809555336833
AGGTCATCATGGATGG-1-Ant_organoid_Ctrl,2.072929113507271
AGGTCCGAGGCAGTCA-1-Ant_organoid_Ctrl,0.1345953579246998
AGGTCCGCACGGCTAC-1-Ant_organoid_Ctrl,-0.1855048420280218
AGGTCCGTCCAGTAGT-1-Ant_organoid_Ctrl,-0.41485583257861436
AGTAGTCGTGACTCAT-1-Ant_organoid_Ctrl,-0.9693585797771811
AGTAGTCTCATCGATG-1-Ant_organoid_Ctrl,-0.6730117240548135
AGTAGTCTCCGAACGC-1-Ant_organoid_Ctrl,-0.6821607432141901
AGTAGTCTCTGCTTGC-1-Ant_organoid_Ctrl,-0.35856198862195016
AGTCTTTCATTAGGCT-1-Ant_organoid_Ctrl,-0.8997503242641687
AGTCTTTTCGTATCAG-1-Ant_organoid_Ctrl,-0.8004327141493559
AGTGAGGAGACAGGCT-1-Ant_organoid_Ctrl,-0.7459099833667278
AGTGAGGAGTTCGATC-1-Ant_organoid_Ctrl,-0.566098561976105
AGTGAGGTCCCAAGTA-1-Ant_organoid_Ctrl,0.03219399508088827
AGTGTCAAGGTGTGGT-1-Ant_organoid_Ctrl,-0.5235659413039684
AGTGTCAGTGCAGGTA-1-Ant_organoid_Ctrl,-0.4006040926463902
AGTGTCAGTGTAATGA-1-Ant_organoid_Ctrl,-0.7491236230451614
AGTGTCAGTTGCCTCT-1-Ant_organoid_Ctrl,-0.8870050562173128
AGTTGGTTCGCCCTTA-1-Ant_organoid_Ctrl,-0.1077056632936001
AGTTGGTTCGGACAAG-1-Ant_organoid_Ctrl,-0.7043337078345939
ATAACGCAGGTCGGAT-1-Ant_organoid_Ctrl,-0.8208898656675592
ATAACGCCAGATAATG-1-Ant_organoid_Ctrl,-0.7710799906923784
ATAACGCGTCTAACGT-1-Ant_organoid_Ctrl,-0.40102834130637344
ATAACGCTCCTCTAGC-1-Ant_organoid_Ctrl,-0.5594410441815854
ATAAGAGAGAGCCCAA-1-Ant_organoid_Ctrl,-0.705689262226224
ATAAGAGCACCACGTG-1-Ant_organoid_Ctrl,-0.7288890497013927
ATAAGAGGTTCCCTTG-1-Ant_organoid_Ctrl,0.03453074000775813
ATAAGAGGTTCGCGAC-1-Ant_organoid_Ctrl,-0.8062806668970735
ATAGACCGTGAGTATA-1-Ant_organoid_Ctrl,-0.7953660023957491
ATAGACCGTGGAAAGA-1-Ant_organoid_Ctrl,-0.7986526741087436
ATAGACCGTTGAACTC-1-Ant_organoid_Ctrl,1.6717707254737615
ATCACGATCACCACCT-1-Ant_organoid_Ctrl,-0.2962967002764344
ATCATCTAGAGCAATT-1-Ant_organoid_Ctrl,-0.3573414361476898
ATCATCTAGCGACGTA-1-Ant_organoid_Ctrl,-0.6744760798662901
ATCATCTAGGACGAAA-1-Ant_organoid_Ctrl,-0.5965860600955784
ATCATCTCACCAGTTA-1-Ant_organoid_Ctrl,-0.46377117449417715
ATCATCTTCTGCCCTA-1-Ant_organoid_Ctrl,-0.7047335099056363
ATCATGGAGCTCAACT-1-Ant_organoid_Ctrl,-0.6937073001172394
ATCATGGAGGCACATG-1-Ant_organoid_Ctrl,-1.0252146303653717
ATCATGGAGTCATCCA-1-Ant_organoid_Ctrl,-0.6303855934925378
ATCATGGGTCTAACGT-1-Ant_organoid_Ctrl,-0.7347761407867074
ATCATGGGTGCACCAC-1-Ant_organoid_Ctrl,-0.9815084926784039
ATCATGGTCTCTGCTG-1-Ant_organoid_Ctrl,-0.07101040615001691
ATCCACCCATCAGTCA-1-Ant_organoid_Ctrl,-0.725330334333703
ATCCACCCATGAGCGA-1-Ant_organoid_Ctrl,0.9725733140110969
ATCCACCGTTACTGAC-1-Ant_organoid_Ctrl,0.4826965724863112
ATCCGAAGTCCGAAGA-1-Ant_organoid_Ctrl,-0.24295319147408007
ATCCGAAGTCTAGAGG-1-Ant_organoid_Ctrl,0.1527570804581046
ATCCGAATCACTTACT-1-Ant_organoid_Ctrl,-0.7797177914902568
ATCGAGTAGTCACGCC-1-Ant_organoid_Ctrl,-0.59704831071198
ATCGAGTAGTCGCCGT-1-Ant_organoid_Ctrl,-0.3519058805704117
ATCGAGTTCACAATGC-1-Ant_organoid_Ctrl,-0.35858596973121165
ATCTACTGTGACTCAT-1-Ant_organoid_Ctrl,0.38755841996520757
ATCTACTTCTACCAGA-1-Ant_organoid_Ctrl,-0.3048340431600809
ATCTGCCCAAACGCGA-1-Ant_organoid_Ctrl,-0.19953751802444453
ATCTGCCCATTCACTT-1-Ant_organoid_Ctrl,0.3384681323170662
ATCTGCCGTGACTACT-1-Ant_organoid_Ctrl,-0.7586475717020221
ATCTGCCTCACGATGT-1-Ant_organoid_Ctrl,-0.7515289419144392
ATCTGCCTCTATCGCC-1-Ant_organoid_Ctrl,-0.35030616689473393
ATGAGGGAGATACACA-1-Ant_organoid_Ctrl,-0.5753314947430044
ATGAGGGCAAAGTCAA-1-Ant_organoid_Ctrl,-0.46205574668943883
ATGAGGGCAAGCCGCT-1-Ant_organoid_Ctrl,-0.18361037838272748
ATGAGGGCAAGGCTCC-1-Ant_organoid_Ctrl,-0.8669431415013968
ATGAGGGCAGACGCCT-1-Ant_organoid_Ctrl,0.1870008517801761
ATGAGGGGTAGCTCCG-1-Ant_organoid_Ctrl,-0.5789652914740145
ATGAGGGTCCTGCTTG-1-Ant_organoid_Ctrl,-0.4558031478524208
ATGCGATAGCAATCTC-1-Ant_organoid_Ctrl,-0.7742969597922638
ATGCGATCAGACGCAA-1-Ant_organoid_Ctrl,-0.8634212894737721
ATGCGATCATAAAGGT-1-Ant_organoid_Ctrl,-0.5002311354875565
ATGCGATGTAAGAGAG-1-Ant_organoid_Ctrl,-0.34850269168615344
ATGCGATGTCAGCTAT-1-Ant_organoid_Ctrl,-0.19027819506824017
ATGCGATTCTGGTTCC-1-Ant_organoid_Ctrl,-0.05128235518932345
ATGGGAGAGCCTTGAT-1-Ant_organoid_Ctrl,-0.7515526512265205
ATGGGAGCACGACGAA-1-Ant_organoid_Ctrl,-0.7002852533757686
ATGGGAGGTGTAACGG-1-Ant_organoid_Ctrl,-0.6446237109228969
ATGGGAGGTTGGTGGA-1-Ant_organoid_Ctrl,-0.852714570518583
ATGGGAGTCGTCCGTT-1-Ant_organoid_Ctrl,-0.3008671993017197
ATGTGTGCAGCTATTG-1-Ant_organoid_Ctrl,-0.7181678621470928
ATGTGTGGTGCGGTAA-1-Ant_organoid_Ctrl,-0.57281198061537
ATTACTCCACGGTAGA-1-Ant_organoid_Ctrl,1.1749207561090589
ATTATCCCAGCTGCTG-1-Ant_organoid_Ctrl,-0.6174741171952337
ATTATCCGTTTGTTTC-1-Ant_organoid_Ctrl,-0.6334487826400437
ATTCTACAGCAGCGTA-1-Ant_organoid_Ctrl,-0.842242294177413
ATTCTACAGGATTCGG-1-Ant_organoid_Ctrl,-0.8794910126109607
ATTCTACCATATGCTG-1-Ant_organoid_Ctrl,-0.2562501909583807
ATTCTACGTGACTCAT-1-Ant_organoid_Ctrl,-0.3743076949194074
ATTGGACGTTCCCTTG-1-Ant_organoid_Ctrl,-0.8848962748423219
ATTGGACTCTTGACGA-1-Ant_organoid_Ctrl,0.051557622140971926
ATTGGTGCAGGGTACA-1-Ant_organoid_Ctrl,-0.5120802197419108
ATTTCTGAGCCACTAT-1-Ant_organoid_Ctrl,-0.8352879860345275
ATTTCTGTCGTACCGG-1-Ant_organoid_Ctrl,-0.4021611520648003
CAACCAAAGAGGTTAT-1-Ant_organoid_Ctrl,0.1617777182161808
CAACCAACAGATAATG-1-Ant_organoid_Ctrl,2.1836050271987917
CAACCAAGTTATCACG-1-Ant_organoid_Ctrl,-0.801646274253726
CAACCTCGTAGCCTCG-1-Ant_organoid_Ctrl,0.06641652207821608
CAACCTCGTGCACTTA-1-Ant_organoid_Ctrl,-0.6462505222484469
CAACCTCTCCTCAACC-1-Ant_organoid_Ctrl,-0.2127900519222021
CAACTAGAGATGCCAG-1-Ant_organoid_Ctrl,0.07315794472116977
CAACTAGGTGGCAAAC-1-Ant_organoid_Ctrl,0.3955033287405968
CAACTAGTCACAGTAC-1-Ant_organoid_Ctrl,-0.9581314993137494
CAACTAGTCGGCGCTA-1-Ant_organoid_Ctrl,-0.7117911845445632
CAAGAAAAGGAGCGTT-1-Ant_organoid_Ctrl,-0.2866793657373637
CAAGAAAGTTCGTCTC-1-Ant_organoid_Ctrl,0.28376032143831253
CAAGATCAGGGAAACA-1-Ant_organoid_Ctrl,0.05248026790097354
CAAGATCGTTCGCGAC-1-Ant_organoid_Ctrl,-0.13022850178182127
CAAGGCCAGGGATACC-1-Ant_organoid_Ctrl,-0.6466408577561378
CAAGGCCGTAAGTAGT-1-Ant_organoid_Ctrl,-0.23087481543421745
CAAGGCCTCCCTTGTG-1-Ant_organoid_Ctrl,-0.8972122450172901
CAAGTTGGTACACCGC-1-Ant_organoid_Ctrl,-0.5022131908172742
CAAGTTGGTCAGTGGA-1-Ant_organoid_Ctrl,-0.8280702441744506
CAAGTTGGTGATGCCC-1-Ant_organoid_Ctrl,0.04929610274732113
CAAGTTGTCGTCCGTT-1-Ant_organoid_Ctrl,-0.3688044262677431
CAAGTTGTCGTGGGAA-1-Ant_organoid_Ctrl,0.32416071467101576
CACAAACGTGGACGAT-1-Ant_organoid_Ctrl,0.17592454053461554
CACAAACTCCGTTGCT-1-Ant_organoid_Ctrl,-0.14982361391186716
CACAAACTCTCTGAGA-1-Ant_organoid_Ctrl,-0.4678185712127015
CACACAAAGCGTGAAC-1-Ant_organoid_Ctrl,-0.41289506199304016
CACACAATCACTTACT-1-Ant_organoid_Ctrl,-0.6532793020829558
CACACAATCCCGACTT-1-Ant_organoid_Ctrl,-0.7645993158221245
CACACTCCAGCCTTTC-1-Ant_organoid_Ctrl,-0.24226402699947358
CACAGGCAGCCAGTAG-1-Ant_organoid_Ctrl,-0.2491536018019542
CACAGGCCATCGGAAG-1-Ant_organoid_Ctrl,0.3569153468310833
CACAGGCTCACAGTAC-1-Ant_organoid_Ctrl,-0.2219596657902002
CACAGTAAGAAGGCCT-1-Ant_organoid_Ctrl,-0.49126095622777943
CACAGTACATACTCTT-1-Ant_organoid_Ctrl,-0.43552760332822804
CACAGTATCACGGTTA-1-Ant_organoid_Ctrl,-0.7546184189245104
CACATAGTCGGTCCGA-1-Ant_organoid_Ctrl,-0.8778261267393828
CACATTTAGAATGTTG-1-Ant_organoid_Ctrl,-0.35695354655385014
CACATTTTCTATCCTA-1-Ant_organoid_Ctrl,-0.3855974606797099
CACCACTAGTCAATAG-1-Ant_organoid_Ctrl,0.30016075015068056
CACCACTAGTTGTCGT-1-Ant_organoid_Ctrl,-0.5371348449587823
CACCACTTCGCCAAAT-1-Ant_organoid_Ctrl,0.14678295644000172
CACCAGGCAGAAGCAC-1-Ant_organoid_Ctrl,-0.7925805805251003
CACCAGGCATGCCTTC-1-Ant_organoid_Ctrl,-0.28109306074678897
CACCAGGCATTGCGGC-1-Ant_organoid_Ctrl,-0.7872172828391194
CACCAGGGTCGATTGT-1-Ant_organoid_Ctrl,-0.22310321267461403
CACCAGGGTCTGCGGT-1-Ant_organoid_Ctrl,-0.821703612357378
CACCAGGGTGCCTTGG-1-Ant_organoid_Ctrl,-0.6964819515310228
CACCTTGCAAGAAGAG-1-Ant_organoid_Ctrl,-0.629274497772567
CACCTTGCAAGTTAAG-1-Ant_organoid_Ctrl,-0.678152212658897
CACCTTGCACATGGGA-1-Ant_organoid_Ctrl,-0.6742978930473328
CACCTTGGTCATATGC-1-Ant_organoid_Ctrl,-0.6963723587989807
CACTCCAGTTCGGGCT-1-Ant_organoid_Ctrl,-0.8030765672866255
CACTCCATCCGTTGTC-1-Ant_organoid_Ctrl,-0.7000192276015877
CAGAATCAGGAGCGTT-1-Ant_organoid_Ctrl,-0.08336716001387687
CAGAATCCAGACGCTC-1-Ant_organoid_Ctrl,-0.8033872127719224
CAGAGAGAGGGCACTA-1-Ant_organoid_Ctrl,-0.6363484119996429
CAGAGAGAGTAACCCT-1-Ant_organoid_Ctrl,-0.7067665992118418
CAGAGAGGTTCCGGCA-1-Ant_organoid_Ctrl,-0.9145983373961644
CAGCAGCAGAGCCTAG-1-Ant_organoid_Ctrl,-0.7308314767666161
CAGCAGCAGCCACTAT-1-Ant_organoid_Ctrl,-0.47951071985065935
CAGCAGCCATTGGTAC-1-Ant_organoid_Ctrl,-0.6069933588895946
CAGCAGCGTATTCGTG-1-Ant_organoid_Ctrl,-0.8373173407092691
CAGCATACACGGCGTT-1-Ant_organoid_Ctrl,-0.5827065820991992
CAGCATACAGCTTCGG-1-Ant_organoid_Ctrl,-0.8760808499529957
CAGCATAGTCATATGC-1-Ant_organoid_Ctrl,0.4966124895215035
CAGCATATCGTCTGAA-1-Ant_organoid_Ctrl,-0.7788775505498051
CAGCCGATCAACGGCC-1-Ant_organoid_Ctrl,-0.4836745071783662
CAGCCGATCGTGGACC-1-Ant_organoid_Ctrl,-0.3974303548783064
CAGCCGATCTTTACGT-1-Ant_organoid_Ctrl,-0.07275488446000963
CAGCGACAGCCACGTC-1-Ant_organoid_Ctrl,-0.3141861255653202
CAGCGACAGGGATGGG-1-Ant_organoid_Ctrl,-0.6712101574242115
CAGCGACGTCGCATAT-1-Ant_organoid_Ctrl,-0.7501987615227699
CAGCTAAAGAGACTAT-1-Ant_organoid_Ctrl,0.03831387756392357
CAGCTAATCGCCAAAT-1-Ant_organoid_Ctrl,-0.7972374214977026
CAGCTGGAGGCGTACA-1-Ant_organoid_Ctrl,-0.43144193321466445
CAGCTGGGTCAATACC-1-Ant_organoid_Ctrl,-0.20161723718047142
CAGCTGGTCACCGTAA-1-Ant_organoid_Ctrl,-0.5385427735559642
CAGCTGGTCCTACAGA-1-Ant_organoid_Ctrl,-0.38561941660940646
CAGGTGCAGACTAAGT-1-Ant_organoid_Ctrl,-0.3315799429852268
CAGGTGCTCCGCGCAA-1-Ant_organoid_Ctrl,0.19177517183125015
CAGTAACAGAAGATTC-1-Ant_organoid_Ctrl,-0.7791207480430603
CAGTAACCACAGACTT-1-Ant_organoid_Ctrl,-0.7799989387020468
CAGTAACCATAACCTG-1-Ant_organoid_Ctrl,-0.5322036097198725
CAGTAACGTACGAAAT-1-Ant_organoid_Ctrl,-0.877135324459523
CAGTAACGTTATGCGT-1-Ant_organoid_Ctrl,-0.7576805551536381
CAGTCCTAGATCTGAA-1-Ant_organoid_Ctrl,-0.7254776928573847
CAGTCCTGTTCACCTC-1-Ant_organoid_Ctrl,-0.7389494497328997
CAGTCCTTCAGTCCCT-1-Ant_organoid_Ctrl,-0.6295058621093631
CATATGGAGGTGCAAC-1-Ant_organoid_Ctrl,-0.7137646904867143
CATATGGGTGGCGAAT-1-Ant_organoid_Ctrl,-0.6985201468225568
CATATTCAGAGAGCTC-1-Ant_organoid_Ctrl,0.3160525396466255
CATATTCTCGTACGGC-1-Ant_organoid_Ctrl,0.3776548861712217
CATCAAGAGTACCGGA-1-Ant_organoid_Ctrl,-0.5948682104051113
CATCAAGCAGCGATCC-1-Ant_organoid_Ctrl,-0.7902861628867686
CATCAAGTCGGCTTGG-1-Ant_organoid_Ctrl,-0.90311883430928
CATCAGACATCTGGTA-1-Ant_organoid_Ctrl,-0.8777615796937608
CATCAGATCAATCTCT-1-Ant_organoid_Ctrl,-0.37004659277852625
CATCCACCAGACTCGC-1-Ant_organoid_Ctrl,-0.3855532038211823
CATCCACGTATAGGGC-1-Ant_organoid_Ctrl,0.024853787720203413
CATCCACTCTGAAAGA-1-Ant_organoid_Ctrl,-0.1948950209468603
CATCCACTCTGGTGTA-1-Ant_organoid_Ctrl,0.3701682531833649
CATCGAAAGTACGACG-1-Ant_organoid_Ctrl,-0.5101015829620883
CATCGAATCTTGCCGT-1-Ant_organoid_Ctrl,-0.23934770464897154
CATCGGGCAAACCCAT-1-Ant_organoid_Ctrl,-0.8316307471040636
CATCGGGCAAGCCTAT-1-Ant_organoid_Ctrl,0.37141373567283154
CATCGGGCATTAGGCT-1-Ant_organoid_Ctrl,-0.7239869680441916
CATCGGGGTGACTACT-1-Ant_organoid_Ctrl,-0.7893647046759724
CATCGGGTCTTCGGTC-1-Ant_organoid_Ctrl,-0.776880689561367
CATGACAGTCAATGTC-1-Ant_organoid_Ctrl,-0.5755528732389211
CATGACAGTGGCTCCA-1-Ant_organoid_Ctrl,-0.5318103817105293
CATGACAGTTGTACAC-1-Ant_organoid_Ctrl,-0.4544054658338428
CATGCCTGTGTGGTTT-1-Ant_organoid_Ctrl,-0.7771806642413139
CATGCCTTCATAAAGG-1-Ant_organoid_Ctrl,0.2431303368508816
CATGGCGTCCTTGCCA-1-Ant_organoid_Ctrl,-0.09090897627174854
CATGGCGTCTCGATGA-1-Ant_organoid_Ctrl,1.718600093126297
CATTATCGTACCGGCT-1-Ant_organoid_Ctrl,-0.6434220615029335
CATTATCTCATCATTC-1-Ant_organoid_Ctrl,-0.08111310236155986
CATTCGCAGCGGCTTC-1-Ant_organoid_Ctrl,-0.14641271114349363
CATTCGCGTTCCACTC-1-Ant_organoid_Ctrl,-0.7501700125262141
CATTCGCTCCCTTGCA-1-Ant_organoid_Ctrl,-0.8043885653093457
CATTCGCTCGGATGGA-1-Ant_organoid_Ctrl,-0.5682078185305
CCAATCCGTCGTCTTC-1-Ant_organoid_Ctrl,-0.8445892409235239
CCACCTAAGAGCAATT-1-Ant_organoid_Ctrl,-0.6923785289633088
CCACCTAAGCGATTCT-1-Ant_organoid_Ctrl,-0.595713824853301
CCACCTAGTTAAAGTG-1-Ant_organoid_Ctrl,-0.7739117284305393
CCACCTATCCCAACGG-1-Ant_organoid_Ctrl,-0.7136662083119154
CCACCTATCTCGCATC-1-Ant_organoid_Ctrl,-0.4819205163419247
CCACGGACAAGGTTTC-1-Ant_organoid_Ctrl,-0.8513821467757225
CCACGGAGTATTACCG-1-Ant_organoid_Ctrl,0.24492692448198794
CCACGGAGTTGTACAC-1-Ant_organoid_Ctrl,0.6450182349048554
CCACGGATCAGTCAGT-1-Ant_organoid_Ctrl,-0.7652608227310702
CCACGGATCGGAAACG-1-Ant_organoid_Ctrl,-0.427381432056427
CCACTACAGACGCACA-1-Ant_organoid_Ctrl,0.17808001138269902
CCACTACAGGATGGAA-1-Ant_organoid_Ctrl,-0.13400569800287487
CCACTACCACGGCGTT-1-Ant_organoid_Ctrl,-0.35713497333228583
CCACTACCATCGGTTA-1-Ant_organoid_Ctrl,-0.2670621741749346
CCACTACGTAAATGAC-1-Ant_organoid_Ctrl,-0.023983172178268453
CCACTACTCAGGCGAA-1-Ant_organoid_Ctrl,-0.8956203538551927
CCACTACTCTGTCAAG-1-Ant_organoid_Ctrl,-0.5091461364552379
CCAGCGACACAAGCCC-1-Ant_organoid_Ctrl,0.38027447044849394
CCAGCGAGTGATGTGG-1-Ant_organoid_Ctrl,0.6815562899410724
CCAGCGATCAACACGT-1-Ant_organoid_Ctrl,-0.6214338539540768
CCAGCGATCATTTGGG-1-Ant_organoid_Ctrl,-0.29728454537689686
CCATGTCCACGTTGGC-1-Ant_organoid_Ctrl,-0.6496931698918342
CCATGTCGTACCGTTA-1-Ant_organoid_Ctrl,-0.8322026458289474
CCATGTCTCAAGGTAA-1-Ant_organoid_Ctrl,-0.7089484938234091
CCATTCGGTCTCCCTA-1-Ant_organoid_Ctrl,0.027382978796958835
CCCAATCAGTTAACGA-1-Ant_organoid_Ctrl,-0.6419239163398742
CCCAATCGTCGCATAT-1-Ant_organoid_Ctrl,-0.4563542506843805
CCCAATCGTGAGTGAC-1-Ant_organoid_Ctrl,-0.8976255374401808
CCCAATCTCTTGTCAT-1-Ant_organoid_Ctrl,-0.3657813078165054
CCCAATCTCTTTCCTC-1-Ant_organoid_Ctrl,0.11562437921762464
CCCAGTTAGCGTTTAC-1-Ant_organoid_Ctrl,-0.11372797548770908
CCCAGTTAGGCCCTTG-1-Ant_organoid_Ctrl,-0.8966403882950544
CCCAGTTGTCTAGCGC-1-Ant_organoid_Ctrl,-0.8926829846482724
CCCAGTTTCGAATCCA-1-Ant_organoid_Ctrl,-0.7068876919150353
CCCATACCACCTATCC-1-Ant_organoid_Ctrl,-0.4275959825515747
CCCATACTCACGCATA-1-Ant_organoid_Ctrl,-0.09562599003314975
CCCTCCTAGAGAACAG-1-Ant_organoid_Ctrl,-0.7532358296215534
CCGGGATTCGTGGTCG-1-Ant_organoid_Ctrl,-0.42507962744683025
CCGGTAGCAGTAGAGC-1-Ant_organoid_Ctrl,-0.30067481722682715
CCGGTAGCATTACCTT-1-Ant_organoid_Ctrl,-0.7485240099020303
CCGGTAGGTCAACATC-1-Ant_organoid_Ctrl,-0.3830911022610962
CCGGTAGTCTAACGGT-1-Ant_organoid_Ctrl,0.20751038029789926
CCGTACTGTGAGGGTT-1-Ant_organoid_Ctrl,-0.7163205454498529
CCGTACTTCCATTCTA-1-Ant_organoid_Ctrl,-0.7653272042796015
CCGTACTTCGGTTAAC-1-Ant_organoid_Ctrl,-0.4836163192614913
CCGTACTTCTGTACGA-1-Ant_organoid_Ctrl,-0.15663838565349575
CCGTGGACAAGCGCTC-1-Ant_organoid_Ctrl,-0.37717295087873937
CCGTGGAGTAACGACG-1-Ant_organoid_Ctrl,-0.923856002688408
CCGTGGAGTTATTCTC-1-Ant_organoid_Ctrl,0.8177416804432869
CCGTGGATCGGATGGA-1-Ant_organoid_Ctrl,-0.7669417950278148
CCGTGGATCGTAGGAG-1-Ant_organoid_Ctrl,-0.4655405981838703
CCGTGGATCTTATCTG-1-Ant_organoid_Ctrl,0.19199869904667138
CCGTTCACAAATTGCC-1-Ant_organoid_Ctrl,-0.5357871246337891
CCGTTCACACATTAGC-1-Ant_organoid_Ctrl,-0.5744339695572853
CCGTTCACACCGAATT-1-Ant_organoid_Ctrl,-0.2712077505607158
CCGTTCAGTTACGCGC-1-Ant_organoid_Ctrl,-0.7893265620630701
CCGTTCATCAGCACAT-1-Ant_organoid_Ctrl,-0.7299255515635014
CCGTTCATCGTTACAG-1-Ant_organoid_Ctrl,-0.5500174326921115
CCTAAAGAGTAGGCCA-1-Ant_organoid_Ctrl,-0.2444105692207813
CCTAAAGAGTGTCTCA-1-Ant_organoid_Ctrl,-0.6241795957088471
CCTAAAGCAAACGTGG-1-Ant_organoid_Ctrl,-0.3464440593263134
CCTAAAGGTACCGCTG-1-Ant_organoid_Ctrl,-0.7761597690920462
CCTAAAGTCTGGAGCC-1-Ant_organoid_Ctrl,-0.7933351581916213
CCTACACAGACTACAA-1-Ant_organoid_Ctrl,-0.31620410112664105
CCTACACTCACCGTAA-1-Ant_organoid_Ctrl,-0.73438456436852
CCTACCAAGGGTGTGT-1-Ant_organoid_Ctrl,-0.7857874640077352
CCTAGCTCAGTATCTG-1-Ant_organoid_Ctrl,-0.21017418943345545
CCTAGCTCATTACCTT-1-Ant_organoid_Ctrl,-0.6615231547504663
CCTATTAGTGTTCTTT-1-Ant_organoid_Ctrl,-0.6930400747060776
CCTATTATCACTTCAT-1-Ant_organoid_Ctrl,-0.6369801537692548
CCTATTATCATCACCC-1-Ant_organoid_Ctrl,-0.8076619913056493
CCTATTATCTGCAGTA-1-Ant_organoid_Ctrl,0.1974864748865366
CCTCAGTAGATGAGAG-1-Ant_organoid_Ctrl,-0.6042090512812137
CCTCAGTCATCTATGG-1-Ant_organoid_Ctrl,-0.6791756730759516
CCTCTGACAGTACACT-1-Ant_organoid_Ctrl,-0.6933133856765925
CCTTACGCAAGTAATG-1-Ant_organoid_Ctrl,-0.46409055553376677
CCTTACGCAATGGATA-1-Ant_organoid_Ctrl,-0.24521399810910224
CCTTACGCAGCGAACA-1-Ant_organoid_Ctrl,-0.6554235539585351
CCTTACGTCGCCTGAG-1-Ant_organoid_Ctrl,0.06843672141432766
CCTTACGTCTACCTGC-1-Ant_organoid_Ctrl,-0.8245380794629454
CCTTCCCAGACAGAGA-1-Ant_organoid_Ctrl,-0.7854190428415313
CCTTCCCGTTCCACTC-1-Ant_organoid_Ctrl,-0.8733081034757197
CCTTCGACATCCGGGT-1-Ant_organoid_Ctrl,0.6747678168118
CCTTCGATCGGCGCAT-1-Ant_organoid_Ctrl,-0.8188823654316366
CCTTTCTAGCGATCCC-1-Ant_organoid_Ctrl,-0.08975508600473403
CCTTTCTGTGGCCCTA-1-Ant_organoid_Ctrl,-0.0771634304523468
CCTTTCTTCTGCAAGT-1-Ant_organoid_Ctrl,-0.8082579068467021
CGAACATAGCGATATA-1-Ant_organoid_Ctrl,-0.8985713423462585
CGAACATCAGGTTTCA-1-Ant_organoid_Ctrl,-0.9593280949722975
CGAACATTCGCAAGCC-1-Ant_organoid_Ctrl,-0.4825229911506176
CGAATGTAGACTCGGA-1-Ant_organoid_Ctrl,-0.5566809007525444
CGACCTTCAGACACTT-1-Ant_organoid_Ctrl,-0.27738825857639315
CGACTTCAGCCATCGC-1-Ant_organoid_Ctrl,-0.879412491323892
CGACTTCGTTAAGGGC-1-Ant_organoid_Ctrl,-0.07070063591003417
CGACTTCTCCAGATCA-1-Ant_organoid_Ctrl,-0.797347796112299
CGAGAAGAGACGCTTT-1-Ant_organoid_Ctrl,-0.541695155724883
CGAGAAGAGATCCTGT-1-Ant_organoid_Ctrl,-0.7154984131455422
CGAGAAGCACAGACAG-1-Ant_organoid_Ctrl,0.7440013279020786
CGAGAAGCACCTATCC-1-Ant_organoid_Ctrl,-0.1622399379312992
CGAGAAGCATTGCGGC-1-Ant_organoid_Ctrl,0.2588161636935547
CGAGAAGGTCAACATC-1-Ant_organoid_Ctrl,-0.7431396196782589
CGAGAAGGTCTAGGTT-1-Ant_organoid_Ctrl,-0.6358771732449532
CGAGAAGTCTGCTGTC-1-Ant_organoid_Ctrl,-0.6950334607437253
CGAGCACCACGCTTTC-1-Ant_organoid_Ctrl,-0.6959475533571094
CGAGCACTCCTTAATC-1-Ant_organoid_Ctrl,1.2491278636455536
CGAGCCAGTCTGATCA-1-Ant_organoid_Ctrl,-0.7781702481210232
CGAGCCATCTTGTATC-1-Ant_organoid_Ctrl,-0.8189323260309175
CGATCGGGTGATAAAC-1-Ant_organoid_Ctrl,-0.7750956436991692
CGATCGGTCATTGCCC-1-Ant_organoid_Ctrl,-0.7974837047606707
CGATGGCCAAAGGCGT-1-Ant_organoid_Ctrl,-0.28052338182926173
CGATGGCTCAGGCAAG-1-Ant_organoid_Ctrl,-0.8072797454893589
CGATGTAGTCTTCTCG-1-Ant_organoid_Ctrl,-0.6565427105082199
CGATGTAGTTCGTCTC-1-Ant_organoid_Ctrl,-0.7570936328917741
CGATGTATCCACGAAT-1-Ant_organoid_Ctrl,-0.6637189856171608
CGATGTATCTAACTCT-1-Ant_organoid_Ctrl,-0.4196632582694292
CGATTGACACATCCAA-1-Ant_organoid_Ctrl,-0.21692710185423492
CGATTGACAGACGCTC-1-Ant_organoid_Ctrl,0.17084253125824034
CGATTGAGTCGTCTTC-1-Ant_organoid_Ctrl,-0.43986299738287926
CGATTGATCCTTCAAT-1-Ant_organoid_Ctrl,-0.3542989130690694
CGCCAAGCACATCCAA-1-Ant_organoid_Ctrl,-0.7884856152674183
CGCCAAGCACGGACAA-1-Ant_organoid_Ctrl,-0.87811982113868
CGCCAAGCATTTCACT-1-Ant_organoid_Ctrl,-0.7378714482486248
CGCGGTAAGCTAGTCT-1-Ant_organoid_Ctrl,-0.7491408612020314
CGCGGTAGTACCGAGA-1-Ant_organoid_Ctrl,0.4127141902409494
CGCGGTAGTCCAGTGC-1-Ant_organoid_Ctrl,-0.5393035900499672
CGCGGTAGTGTGAAAT-1-Ant_organoid_Ctrl,0.30503161862492556
CGCGGTAGTGTTGGGA-1-Ant_organoid_Ctrl,-0.49958540639607235
CGCGTTTCACAGGCCT-1-Ant_organoid_Ctrl,-0.926974943652749
CGCGTTTTCTTGTTTG-1-Ant_organoid_Ctrl,-0.758317183884792
CGCTATCCAAGCGTAG-1-Ant_organoid_Ctrl,-0.2088222848251462
CGCTATCCAATGGAGC-1-Ant_organoid_Ctrl,0.042459209486842175
CGCTATCCATGCCCGA-1-Ant_organoid_Ctrl,-0.06648829832673073
CGCTATCGTACCAGTT-1-Ant_organoid_Ctrl,-0.7822340125218034
CGCTATCGTAGATTAG-1-Ant_organoid_Ctrl,-0.7672274126391858
CGCTATCGTCGAGATG-1-Ant_organoid_Ctrl,-0.13148867547512055
CGCTATCTCGAATCCA-1-Ant_organoid_Ctrl,-0.6315018513239921
CGCTATCTCTCTTGAT-1-Ant_organoid_Ctrl,-0.15560364929959178
CGCTGGAAGCTGAACG-1-Ant_organoid_Ctrl,-0.638276312686503
CGCTGGAAGGACAGAA-1-Ant_organoid_Ctrl,0.8620356221497059
CGCTGGAAGGCGTACA-1-Ant_organoid_Ctrl,-0.7719006699044257
CGCTGGAAGTCGCCGT-1-Ant_organoid_Ctrl,-0.06666112020611764
CGCTGGACATCGTCGG-1-Ant_organoid_Ctrl,-0.65453522364347
CGCTGGAGTGGAAAGA-1-Ant_organoid_Ctrl,-0.6773690507188439
CGCTTCAAGTCTTGCA-1-Ant_organoid_Ctrl,-0.6653693778067827
CGCTTCAGTAAACGCG-1-Ant_organoid_Ctrl,-0.6404228204861283
CGGACACAGTTGAGTA-1-Ant_organoid_Ctrl,-0.4556975397467613
CGGACACGTTCCGGCA-1-Ant_organoid_Ctrl,-0.15052918948233127
CGGACGTAGACACGAC-1-Ant_organoid_Ctrl,-0.5865460689552129
CGGACGTTCTGGCGTG-1-Ant_organoid_Ctrl,-0.6476908552646636
CGGACTGGTCAGTGGA-1-Ant_organoid_Ctrl,-0.9653522188216448
CGGACTGGTGACTCAT-1-Ant_organoid_Ctrl,-0.8291447457484901
CGGACTGGTTATCGGT-1-Ant_organoid_Ctrl,-0.3430297836661339
CGGACTGTCGATCCCT-1-Ant_organoid_Ctrl,-0.880270768199116
CGGAGCTCATACCATG-1-Ant_organoid_Ctrl,-0.8282456889748573
CGGAGCTGTACCGCTG-1-Ant_organoid_Ctrl,-0.15779153645038602
CGGAGCTGTTGCGCAC-1-Ant_organoid_Ctrl,-0.029747514212504045
CGGAGCTTCAACACCA-1-Ant_organoid_Ctrl,0.11366291699931025
CGGAGCTTCCGTTGTC-1-Ant_organoid_Ctrl,-0.2956022577174008
CGGAGTCCAAGTAGTA-1-Ant_organoid_Ctrl,-0.6838617051765323
CGGAGTCCATGTTCCC-1-Ant_organoid_Ctrl,0.04587280832231044
CGGAGTCGTGACGCCT-1-Ant_organoid_Ctrl,-0.9338598413020373
CGGCTAGAGTTACGGG-1-Ant_organoid_Ctrl,0.01547827964648607
CGGCTAGCAACAACCT-1-Ant_organoid_Ctrl,-0.3504734887182712
CGGCTAGCAAGTCTAC-1-Ant_organoid_Ctrl,-0.4389818595349788
CGGCTAGGTATATGAG-1-Ant_organoid_Ctrl,-0.03434346958994866
CGGGTCAAGCAGGTCA-1-Ant_organoid_Ctrl,-0.7754193982295692
CGGGTCAAGTTAACGA-1-Ant_organoid_Ctrl,-0.11154471233487129
CGGGTCACAACTGCGC-1-Ant_organoid_Ctrl,-0.5910480231046676
CGGGTCAGTAGCCTCG-1-Ant_organoid_Ctrl,-0.2262323704920709
CGGTTAAAGACTGGGT-1-Ant_organoid_Ctrl,-0.7603670052718371
CGGTTAAAGAGTTGGC-1-Ant_organoid_Ctrl,-0.23467937916517256
CGGTTAAAGATGTGTA-1-Ant_organoid_Ctrl,-0.7740783325955272
CGGTTAAAGCGTAATA-1-Ant_organoid_Ctrl,-0.5674584664031863
CGTAGCGGTGTGACGA-1-Ant_organoid_Ctrl,-0.7762799175083637
CGTAGCGTCGCATGAT-1-Ant_organoid_Ctrl,-0.7006567619368433
CGTAGCGTCTCCAGGG-1-Ant_organoid_Ctrl,-0.5496657514199614
CGTAGGCAGAACTGTA-1-Ant_organoid_Ctrl,-0.8873295400012284
CGTAGGCAGCCCGAAA-1-Ant_organoid_Ctrl,-0.6734337463974953
CGTAGGCCACATTCGA-1-Ant_organoid_Ctrl,-0.8375391455646605
CGTAGGCTCGAACGGA-1-Ant_organoid_Ctrl,-0.8528901753574609
CGTCACTAGTCGTACT-1-Ant_organoid_Ctrl,-0.479873469658196
CGTCACTGTCGGCATC-1-Ant_organoid_Ctrl,-0.8314833597838879
CGTCACTTCACAGGCC-1-Ant_organoid_Ctrl,-0.29809383196290584
CGTCAGGAGACAATAC-1-Ant_organoid_Ctrl,-0.836382566690445
CGTCAGGGTAACGACG-1-Ant_organoid_Ctrl,-0.8878699193894863
CGTCAGGTCGGTCTAA-1-Ant_organoid_Ctrl,-0.5821556640975177
CGTCAGGTCTTACCGC-1-Ant_organoid_Ctrl,-0.4998114957939833
CGTCCATAGTGAACAT-1-Ant_organoid_Ctrl,-0.16803901482373473
CGTCCATGTCTAGAGG-1-Ant_organoid_Ctrl,-0.758894817251712
CGTCCATGTGTTGAGG-1-Ant_organoid_Ctrl,-0.9710725302807987
CGTCTACAGAGATGAG-1-Ant_organoid_Ctrl,1.2993667054176332
CGTGAGCAGCATGGCA-1-Ant_organoid_Ctrl,-0.39036953657865525
CGTGTAAAGGCATGTG-1-Ant_organoid_Ctrl,-0.6271664038300514
CGTGTAAGTTACCAGT-1-Ant_organoid_Ctrl,-0.9267498226743192
CGTGTCTGTCGCCATG-1-Ant_organoid_Ctrl,-0.7797080405056477
CGTGTCTGTGTGCGTC-1-Ant_organoid_Ctrl,-0.11531883589923381
CGTTAGAGTAGATTAG-1-Ant_organoid_Ctrl,-0.3707082392275333
CGTTCTGCAATGGAAT-1-Ant_organoid_Ctrl,-0.6846923662722111
CGTTGGGAGTAGCGGT-1-Ant_organoid_Ctrl,-0.9773196373227984
CGTTGGGCACCAGCAC-1-Ant_organoid_Ctrl,-0.10494990825653078
CGTTGGGGTACTCTCC-1-Ant_organoid_Ctrl,-0.8984063029289245
CGTTGGGGTAGCGATG-1-Ant_organoid_Ctrl,-0.27134236447513105
CTAACTTAGAATGTGT-1-Ant_organoid_Ctrl,-0.6179471598565578
CTAAGACAGGAATGGA-1-Ant_organoid_Ctrl,-0.8666818759769376
CTAAGACCACAGGTTT-1-Ant_organoid_Ctrl,-0.1124304489046335
CTAAGACGTGGGTCAA-1-Ant_organoid_Ctrl,-0.8423279963061213
CTAAGACTCTCCAACC-1-Ant_organoid_Ctrl,0.302444863319397
CTAATGGAGAGCCCAA-1-Ant_organoid_Ctrl,0.6260497322492301
CTAATGGAGCCAGTAG-1-Ant_organoid_Ctrl,-0.6629253038391472
CTAATGGAGGTAGCCA-1-Ant_organoid_Ctrl,-0.3413154407590627
CTAATGGAGGTGATTA-1-Ant_organoid_Ctrl,-0.058483956903219225
CTAATGGGTCCCGACA-1-Ant_organoid_Ctrl,-0.23539143793284892
CTAATGGGTCGCGTGT-1-Ant_organoid_Ctrl,-0.9076635948056355
CTAATGGTCAACGGCC-1-Ant_organoid_Ctrl,-0.8452520119026303
CTACACCAGGAATCGC-1-Ant_organoid_Ctrl,-0.04897253602743146
CTACACCAGGTGTGGT-1-Ant_organoid_Ctrl,-0.5811179621331394
CTACACCCACCAGGCT-1-Ant_organoid_Ctrl,-0.00735514614731074
CTACACCTCGCCTGTT-1-Ant_organoid_Ctrl,-0.6928013738710433
CTACATTAGGCTAGAC-1-Ant_organoid_Ctrl,-0.8011894329078495
CTACATTGTACGCACC-1-Ant_organoid_Ctrl,-0.31519059792160986
CTACATTTCAGTGTTG-1-Ant_organoid_Ctrl,-0.5312544156238437
CTACCCAGTAGCGTCC-1-Ant_organoid_Ctrl,-0.16408656097948549
CTACCCAGTGCCTGGT-1-Ant_organoid_Ctrl,-0.09441933333873748
CTACGTCCAGCCTTTC-1-Ant_organoid_Ctrl,-1.0140218063723296
CTAGAGTCAGTAAGAT-1-Ant_organoid_Ctrl,-0.5216092759370804
CTAGAGTTCTCACATT-1-Ant_organoid_Ctrl,-0.1553039236366749
CTAGCCTAGACTGGGT-1-Ant_organoid_Ctrl,-0.8128522875439376
CTAGCCTCAATGAAAC-1-Ant_organoid_Ctrl,-0.22168550379981755
CTAGTGACAACTGCTA-1-Ant_organoid_Ctrl,0.32419236451387407
CTAGTGAGTATGAAAC-1-Ant_organoid_Ctrl,-0.8304193000309169
CTCACACCAGCCAATT-1-Ant_organoid_Ctrl,-0.8614652402326465
CTCACACGTCCAGTAT-1-Ant_organoid_Ctrl,-0.7914131524413824
CTCACACGTCGCATAT-1-Ant_organoid_Ctrl,-0.3813229873776436
CTCAGAAAGGTGCTTT-1-Ant_organoid_Ctrl,-0.9033184702321887
CTCAGAACATGCCACG-1-Ant_organoid_Ctrl,-0.6218714550882578
CTCATTAAGCTAGGCA-1-Ant_organoid_Ctrl,-0.8308666106499731
CTCATTACACAACGCC-1-Ant_organoid_Ctrl,-0.7496886753290892
CTCATTACATGCAATC-1-Ant_organoid_Ctrl,-0.15696595728397367
CTCATTAGTGCTCTTC-1-Ant_organoid_Ctrl,0.03830214679241181
CTCATTAGTTGGACCC-1-Ant_organoid_Ctrl,-0.7136476743221283
CTCATTAGTTGTCTTT-1-Ant_organoid_Ctrl,0.8374565455317498
CTCCTAGAGAGACGAA-1-Ant_organoid_Ctrl,-0.8831796553730965
CTCCTAGAGTCGTACT-1-Ant_organoid_Ctrl,-0.16516445241868496
CTCCTAGTCAGTGTTG-1-Ant_organoid_Ctrl,1.3682509343326092
CTCGAAAAGACCACGA-1-Ant_organoid_Ctrl,-0.4406274977326393
CTCGAAATCTGATACG-1-Ant_organoid_Ctrl,-0.6802316203713417
CTCGAGGAGAAGGTTT-1-Ant_organoid_Ctrl,-0.806746543161571
CTCGAGGCAATCACAC-1-Ant_organoid_Ctrl,-0.8418351640924812
CTCGAGGCACCCATTC-1-Ant_organoid_Ctrl,-0.20335250165313484
CTCGAGGGTATGCTTG-1-Ant_organoid_Ctrl,-0.11361771054565906
CTCGAGGTCCGCAGTG-1-Ant_organoid_Ctrl,-0.4818802585406229
CTCGGAGAGAGGTTGC-1-Ant_organoid_Ctrl,-0.8389917251467705
CTCGGAGTCACCCTCA-1-Ant_organoid_Ctrl,-0.7643200740963221
CTCGGGACATCCGCGA-1-Ant_organoid_Ctrl,0.3826476618647575
CTCGGGAGTCTGATCA-1-Ant_organoid_Ctrl,-0.7420836177095771
CTCGGGATCACCCTCA-1-Ant_organoid_Ctrl,0.2271068801172078
CTCGTACAGTCACGCC-1-Ant_organoid_Ctrl,-0.2727623773366213
CTCGTACAGTGTTAGA-1-Ant_organoid_Ctrl,-0.0470370152592659
CTCGTACTCTACCTGC-1-Ant_organoid_Ctrl,0.42435392588376997
CTCGTCAGTACATGTC-1-Ant_organoid_Ctrl,-0.461754104513675
CTCGTCAGTATAATGG-1-Ant_organoid_Ctrl,0.11438725319691001
CTCGTCATCTTTACAC-1-Ant_organoid_Ctrl,-0.20457553848624233
CTCTAATGTCAGGACA-1-Ant_organoid_Ctrl,-0.4870323511306196
CTCTAATTCAGATAAG-1-Ant_organoid_Ctrl,-0.16038855507969857
CTCTACGAGATGTCGG-1-Ant_organoid_Ctrl,-0.39723603934049606
CTCTACGAGCCATCGC-1-Ant_organoid_Ctrl,-0.4847359363362193
CTCTACGGTCCTGCTT-1-Ant_organoid_Ctrl,-0.5081746246293187
CTCTGGTAGTGCCAGA-1-Ant_organoid_Ctrl,-0.31376092463731764
CTCTGGTTCAGAAATG-1-Ant_organoid_Ctrl,-0.7442754058726132
CTCTGGTTCCAAACAC-1-Ant_organoid_Ctrl,-0.2226290391292423
CTGAAACGTAGCGTAG-1-Ant_organoid_Ctrl,-0.17012990847229958
CTGAAGTCATCCGTGG-1-Ant_organoid_Ctrl,0.5524707637727261
CTGAAGTGTGACGCCT-1-Ant_organoid_Ctrl,-0.5074650511145592
CTGAAGTTCTAAGCCA-1-Ant_organoid_Ctrl,-0.5645556929707527
CTGATAGCAGCTCGAC-1-Ant_organoid_Ctrl,-0.5808816715888679
CTGATAGTCACGATGT-1-Ant_organoid_Ctrl,-0.07508707538247106
CTGATAGTCATAACCG-1-Ant_organoid_Ctrl,-0.7396584802865982
CTGATAGTCTTGTTTG-1-Ant_organoid_Ctrl,-0.39727690488100054
CTGATCCCATGGTCAT-1-Ant_organoid_Ctrl,-0.3283980226516724
CTGATCCTCTATCCCG-1-Ant_organoid_Ctrl,-0.3825988623499871
CTGCCTATCACAGTAC-1-Ant_organoid_Ctrl,-0.7243897451180965
CTGCCTATCTGCAGTA-1-Ant_organoid_Ctrl,-0.8380328412167728
CTGCGGAAGAAGATTC-1-Ant_organoid_Ctrl,-0.3052386226505041
CTGCTGTAGCCAGAAC-1-Ant_organoid_Ctrl,-0.708729797154665
CTGCTGTAGTACGATA-1-Ant_organoid_Ctrl,-0.7429244462773203
CTGCTGTCACATAACC-1-Ant_organoid_Ctrl,-0.9198304928839207
CTGCTGTCATCGGGTC-1-Ant_organoid_Ctrl,0.4661289145052433
CTGGTCTAGTTGAGAT-1-Ant_organoid_Ctrl,-0.41456574440002436
CTGGTCTCAATAACGA-1-Ant_organoid_Ctrl,-0.7336947835981846
CTGGTCTCAGTCACTA-1-Ant_organoid_Ctrl,-0.8891967590153217
CTGGTCTCATCGACGC-1-Ant_organoid_Ctrl,-0.7349573033675552
CTGGTCTGTTAAAGAC-1-Ant_organoid_Ctrl,-0.32276259404607116
CTGTGCTCAATGGTCT-1-Ant_organoid_Ctrl,-0.6091146184597165
CTGTGCTCAGCATACT-1-Ant_organoid_Ctrl,-0.21922300321049987
CTGTGCTTCCAAACAC-1-Ant_organoid_Ctrl,-0.9445847703889012
CTGTGCTTCTGTCCGT-1-Ant_organoid_Ctrl,-0.8234358112514019
CTGTTTACATTCACTT-1-Ant_organoid_Ctrl,-0.7444310187920928
CTGTTTAGTCGCGTGT-1-Ant_organoid_Ctrl,-0.2661202336847782
CTTAACTAGCTGCGAA-1-Ant_organoid_Ctrl,-0.8261695473641157
CTTAACTCAAGGGTCA-1-Ant_organoid_Ctrl,0.48130356127396223
CTTAACTTCACAATGC-1-Ant_organoid_Ctrl,-0.49798851961269974
CTTAACTTCCAAAGTC-1-Ant_organoid_Ctrl,-0.10056698836386202
CTTAACTTCTGCTGCT-1-Ant_organoid_Ctrl,-0.8014021248696372
CTTAACTTCTGTACGA-1-Ant_organoid_Ctrl,-0.6869074814021587
CTTACCGCAGCGTTCG-1-Ant_organoid_Ctrl,-0.3564462335407734
CTTACCGGTTATTCTC-1-Ant_organoid_Ctrl,-0.1763057406246662
CTTACCGTCACCGGGT-1-Ant_organoid_Ctrl,0.494547453969717
CTTAGGAAGCAGACTG-1-Ant_organoid_Ctrl,-0.5602687146514654
CTTAGGAAGGTACTCT-1-Ant_organoid_Ctrl,-0.1938706985116005
CTTAGGATCACGCATA-1-Ant_organoid_Ctrl,-0.6056897157803178
CTTCTCTAGCGTTCCG-1-Ant_organoid_Ctrl,-0.1924187724851072
CTTCTCTTCAAAGTAG-1-Ant_organoid_Ctrl,-0.7463174924254418
CTTCTCTTCCTGCCAT-1-Ant_organoid_Ctrl,-0.5224953633546829
CTTGGCTCATGGTCTA-1-Ant_organoid_Ctrl,-0.7771259061992168
CTTGGCTGTTGTCTTT-1-Ant_organoid_Ctrl,-0.6603920482099056
CTTGGCTTCGTGGTCG-1-Ant_organoid_Ctrl,-0.14474663458764553
CTTTGCGTCATTGCCC-1-Ant_organoid_Ctrl,0.3117896714806556
GAAACTCCATCACAAC-1-Ant_organoid_Ctrl,0.5044715563952923
GAAACTCCATTCCTGC-1-Ant_organoid_Ctrl,-0.7664627684652805
GAAACTCTCTGGTGTA-1-Ant_organoid_Ctrl,-0.3281794543750584
GAAATGAAGAGTGAGA-1-Ant_organoid_Ctrl,-0.8488792692124844
GAAATGAAGCACGCCT-1-Ant_organoid_Ctrl,-0.7466187516227365
GAAATGAAGCGTGTCC-1-Ant_organoid_Ctrl,-0.8717441897213576
GAAATGACACTACAGT-1-Ant_organoid_Ctrl,-0.5649538620561361
GAAATGAGTCTAGAGG-1-Ant_organoid_Ctrl,-0.013359575965441739
GAAATGAGTGTATGGG-1-Ant_organoid_Ctrl,-0.8238602598942817
GAACATCCACTTCTGC-1-Ant_organoid_Ctrl,-0.7659820096474141
GAACATCCAGCTGTTA-1-Ant_organoid_Ctrl,-0.7140470592677592
GAACATCCATTCCTGC-1-Ant_organoid_Ctrl,0.3259499286860228
GAACATCTCAAACAAG-1-Ant_organoid_Ctrl,-0.2719999787211418
GAACATCTCTTACCGC-1-Ant_organoid_Ctrl,-0.20341229388490317
GAACCTAGTAAGAGGA-1-Ant_organoid_Ctrl,-0.9346497406065464
GAACCTAGTTTAGCTG-1-Ant_organoid_Ctrl,-0.46920629099011424
GAACGGAAGTGGTAGC-1-Ant_organoid_Ctrl,-0.35642700319876897
GAACGGATCACCACCT-1-Ant_organoid_Ctrl,-0.8323040910740382
GAATGAAAGCATGGCA-1-Ant_organoid_Ctrl,-0.6503391456604004
GAATGAAGTGCCTTGG-1-Ant_organoid_Ctrl,-0.8188839792553335
GAATGAAGTTCGCGAC-1-Ant_organoid_Ctrl,-0.4251351815462112
GAATGAATCATGTGGT-1-Ant_organoid_Ctrl,-0.5803980084136129
GAATGAATCCGCAGTG-1-Ant_organoid_Ctrl,-0.4175927149504423
GAATGAATCTTCGAGA-1-Ant_organoid_Ctrl,-0.7440586610883475
GAATGAATCTTTACGT-1-Ant_organoid_Ctrl,-0.13661950592882932
GACACGCTCTATCCCG-1-Ant_organoid_Ctrl,-0.7078653899207712
GACAGAGAGATCCTGT-1-Ant_organoid_Ctrl,-0.6071990155009552
GACAGAGAGGTAGCCA-1-Ant_organoid_Ctrl,-0.32267151765525337
GACAGAGAGTAGCCGA-1-Ant_organoid_Ctrl,-0.36164408437907697
GACAGAGTCAGGATCT-1-Ant_organoid_Ctrl,-0.18860333859920503
GACCAATTCTTTACAC-1-Ant_organoid_Ctrl,-0.41670135527849195
GACCTGGAGAAACCTA-1-Ant_organoid_Ctrl,-0.5333777012117207
GACCTGGTCGGACAAG-1-Ant_organoid_Ctrl,-0.7517464790865779
GACGCGTGTCTAGGTT-1-Ant_organoid_Ctrl,-0.47876326456665996
GACGCGTGTTGTGGAG-1-Ant_organoid_Ctrl,-0.5165695485472679
GACGCGTTCCAGATCA-1-Ant_organoid_Ctrl,-0.8189620077982545
GACGGCTAGATCCTGT-1-Ant_organoid_Ctrl,0.6176087651401758
GACGGCTGTCATATCG-1-Ant_organoid_Ctrl,0.47918856412172317
GACGGCTGTTACGGAG-1-Ant_organoid_Ctrl,-0.38911808837205175
GACGTGCAGACCTTTG-1-Ant_organoid_Ctrl,-0.4875085236225277
GACGTGCAGCTCTCGG-1-Ant_organoid_Ctrl,-0.26696491255424915
GACGTGCCAGATTGCT-1-Ant_organoid_Ctrl,-0.8756878221035004
GACGTGCCATACTCTT-1-Ant_organoid_Ctrl,-0.5227987933158875
GACGTGCGTCTAGTCA-1-Ant_organoid_Ctrl,-0.8950362752191723
GACGTTACACAACTGT-1-Ant_organoid_Ctrl,0.17594075471162796
GACGTTACACTTACGA-1-Ant_organoid_Ctrl,-0.8241627451404929
GACGTTAGTTCAGTAC-1-Ant_organoid_Ctrl,-0.8196273844130337
GACTAACAGCGCTTAT-1-Ant_organoid_Ctrl,-0.564862472563982
GACTAACAGCTCAACT-1-Ant_organoid_Ctrl,-0.6174060904979706
GACTAACCAGGGATTG-1-Ant_organoid_Ctrl,-0.7892419501021505
GACTAACTCTAGAGTC-1-Ant_organoid_Ctrl,-0.0856549399637152
GACTACATCTGGTATG-1-Ant_organoid_Ctrl,-0.77486627869308
GACTGCGAGACTGGGT-1-Ant_organoid_Ctrl,-0.13445899214595558
GACTGCGAGGGCTCTC-1-Ant_organoid_Ctrl,-0.630173840969801
GACTGCGCAGTAGAGC-1-Ant_organoid_Ctrl,-0.7723661226034164
GACTGCGTCTTCAACT-1-Ant_organoid_Ctrl,-0.3432640501856804
GAGCAGACACATGACT-1-Ant_organoid_Ctrl,-0.8916853846609593
GAGGTGAAGGTAAACT-1-Ant_organoid_Ctrl,-0.674681180678308
GAGGTGACATTTCAGG-1-Ant_organoid_Ctrl,-0.06595047116279606
GAGGTGAGTAGAGCTG-1-Ant_organoid_Ctrl,-0.783373169451952
GAGGTGAGTGTTTGGT-1-Ant_organoid_Ctrl,-0.8334474746882916
GAGGTGATCGTTACGA-1-Ant_organoid_Ctrl,-0.8088324110023677
GAGTCCGTCGGCTTGG-1-Ant_organoid_Ctrl,-0.1035045573115349
GATCAGTCATTAGCCA-1-Ant_organoid_Ctrl,0.07947172258049251
GATCAGTTCGCAGGCT-1-Ant_organoid_Ctrl,-0.5707236136309802
GATCGATAGATCTGCT-1-Ant_organoid_Ctrl,-0.795052802823484
GATCGATCAGCCAGAA-1-Ant_organoid_Ctrl,-0.1763254448026419
GATCGATGTTGCGCAC-1-Ant_organoid_Ctrl,-0.7252862863987684
GATCGATGTTTGTTTC-1-Ant_organoid_Ctrl,-0.883407733142376
GATCGCGCAGCCACCA-1-Ant_organoid_Ctrl,1.7285344058275223
GATCGCGCAGTGGGAT-1-Ant_organoid_Ctrl,-0.26248294836375863
GATCGCGGTATGAAAC-1-Ant_organoid_Ctrl,0.4681408023834228
GATCGCGGTCGACTGC-1-Ant_organoid_Ctrl,-0.6502010302245618
GATCGTACAAGCGCTC-1-Ant_organoid_Ctrl,-0.20912667161086573
GATCGTATCAGAGGTG-1-Ant_organoid_Ctrl,-0.7170049871690571
GATCTAGGTCACCTAA-1-Ant_organoid_Ctrl,-0.2295706181228161
GATCTAGGTTGGGACA-1-Ant_organoid_Ctrl,-0.8162529833242297
GATCTAGTCTCTTATG-1-Ant_organoid_Ctrl,-0.8385057193785905
GATGAAAAGGACATTA-1-Ant_organoid_Ctrl,-0.8858781481534242
GATGAAACACAGGAGT-1-Ant_organoid_Ctrl,-0.7480476050078868
GATGAAAGTCTGCAAT-1-Ant_organoid_Ctrl,-0.46849248483777045
GATGAAATCAGGCCCA-1-Ant_organoid_Ctrl,-0.6997195985913276
GATGAAATCTATCCCG-1-Ant_organoid_Ctrl,0.06169137030839922
GATGAGGAGATATGGT-1-Ant_organoid_Ctrl,-0.5121191853284837
GATGAGGGTAAAGGAG-1-Ant_organoid_Ctrl,-0.6054112441837788
GATGAGGGTCCATGAT-1-Ant_organoid_Ctrl,-0.8658035223186016
GATGAGGGTTACCAGT-1-Ant_organoid_Ctrl,-0.8468403297290206
GATGAGGTCAGAAATG-1-Ant_organoid_Ctrl,-0.137060483712703
GATGAGGTCGTAGGAG-1-Ant_organoid_Ctrl,-0.09589145354926587
GATGCTAGTCGTTGTA-1-Ant_organoid_Ctrl,0.18858868027105927
GATTCAGCATACGCTA-1-Ant_organoid_Ctrl,-0.695460552573204
GCAAACTCAGTTAACC-1-Ant_organoid_Ctrl,-0.22667961746454235
GCAAACTGTGCTTCTC-1-Ant_organoid_Ctrl,-0.6837145510315895
GCAAACTTCCATTCTA-1-Ant_organoid_Ctrl,-0.33876887600868943
GCAATCAAGAATCTCC-1-Ant_organoid_Ctrl,-0.6220441366545856
GCACATACAGACGTAG-1-Ant_organoid_Ctrl,1.6283372888900338
GCACTCTAGTGTACCT-1-Ant_organoid_Ctrl,-0.5124915423267521
GCACTCTCAAACCTAC-1-Ant_organoid_Ctrl,-0.42645202539861204
GCACTCTCAATGTTGC-1-Ant_organoid_Ctrl,0.309808311983943
GCACTCTCAGGAATCG-1-Ant_organoid_Ctrl,-0.6810214956104755
GCACTCTTCAAGCCTA-1-Ant_organoid_Ctrl,-0.18530119035393
GCACTCTTCCGCATCT-1-Ant_organoid_Ctrl,-0.8402438332140446
GCACTCTTCTCTTGAT-1-Ant_organoid_Ctrl,-0.05254362665116788
GCAGCCACACAAGACG-1-Ant_organoid_Ctrl,0.1451767087355256
GCAGCCACATCGGAAG-1-Ant_organoid_Ctrl,-0.7737668814510107
GCAGCCAGTCAGTGGA-1-Ant_organoid_Ctrl,-0.6679920860711718
GCAGTTAGTCACTGGC-1-Ant_organoid_Ctrl,-0.4055932305569877
GCAGTTATCAGCTCTC-1-Ant_organoid_Ctrl,-0.5865286329388619
GCAGTTATCATCTGTT-1-Ant_organoid_Ctrl,-0.7165558697655797
GCATACAAGAGAGCTC-1-Ant_organoid_Ctrl,-0.29683867841959
GCATACAAGATACACA-1-Ant_organoid_Ctrl,-0.3856480821967125
GCATACAAGGGCATGT-1-Ant_organoid_Ctrl,-0.3012297093681991
GCATACAAGTAGTGCG-1-Ant_organoid_Ctrl,-0.7186483238264918
GCATACAGTCATTAGC-1-Ant_organoid_Ctrl,0.7628593342658132
GCATACATCCCTGACT-1-Ant_organoid_Ctrl,0.1963197534158826
GCATGATAGCTAGGCA-1-Ant_organoid_Ctrl,-0.3544107451988384
GCATGATAGGCATTGG-1-Ant_organoid_Ctrl,-0.800832017660141
GCATGATCATACGCCG-1-Ant_organoid_Ctrl,-0.56523443819955
GCATGATTCTGCAAGT-1-Ant_organoid_Ctrl,-0.722527080476284
GCATGCGGTAAATGTG-1-Ant_organoid_Ctrl,0.07589880185201764
GCATGCGGTCACTTCC-1-Ant_organoid_Ctrl,1.5968837010860444
GCCTCTAGTCAGCTAT-1-Ant_organoid_Ctrl,-0.7731681567803025
GCCTCTAGTCTAGGTT-1-Ant_organoid_Ctrl,-0.3385686741769314
GCCTCTATCCTCAATT-1-Ant_organoid_Ctrl,0.8090005477890372
GCGACCACAAGGCTCC-1-Ant_organoid_Ctrl,-0.8936402164027095
GCGACCAGTGTGGTTT-1-Ant_organoid_Ctrl,-0.9167405891418456
GCGACCAGTTTGGCGC-1-Ant_organoid_Ctrl,-0.26063616380095483
GCGACCATCTCAACTT-1-Ant_organoid_Ctrl,-0.5141322370618582
GCGAGAACATCGGAAG-1-Ant_organoid_Ctrl,-0.46124694019556045
GCGAGAAGTAAGGGCT-1-Ant_organoid_Ctrl,-0.9025256574340165
GCGAGAATCACTGGGC-1-Ant_organoid_Ctrl,-0.7464039482176303
GCGCAACCATCCGCGA-1-Ant_organoid_Ctrl,-0.4234504191949964
GCGCAACGTAAAGTCA-1-Ant_organoid_Ctrl,-0.5758544813469052
GCGCAACTCTGGTTCC-1-Ant_organoid_Ctrl,-0.8277038925606758
GCGCAGTAGATGGGTC-1-Ant_organoid_Ctrl,-0.8454265526682139
GCGCAGTGTTGGTAAA-1-Ant_organoid_Ctrl,-0.8596526920795441
GCGCAGTTCATTCACT-1-Ant_organoid_Ctrl,0.7989659829437733
GCGCCAAAGAATTGTG-1-Ant_organoid_Ctrl,-0.48207139182370157
GCGCCAACAGAAGCAC-1-Ant_organoid_Ctrl,0.09278343200683592
GCGCCAAGTCCATGAT-1-Ant_organoid_Ctrl,-0.5448826479911804
GCGCCAAGTGATAAAC-1-Ant_organoid_Ctrl,-0.4350113712996244
GCGCCAAGTTAAAGTG-1-Ant_organoid_Ctrl,-0.48165411736816166
GCGCGATAGTGATCGG-1-Ant_organoid_Ctrl,-0.7306474786065519
GCGGGTTAGGCGACAT-1-Ant_organoid_Ctrl,-0.7755774637311696
GCGGGTTCACCCAGTG-1-Ant_organoid_Ctrl,-0.7244810152659193
GCGGGTTCACCCATTC-1-Ant_organoid_Ctrl,-0.36354169070720677
GCGGGTTGTACCGTAT-1-Ant_organoid_Ctrl,-0.3230911094322801
GCGGGTTGTTTGACAC-1-Ant_organoid_Ctrl,-0.2573295068740845
GCTCCTACAGACACTT-1-Ant_organoid_Ctrl,-0.6369527477025986
GCTCCTAGTGTTCTTT-1-Ant_organoid_Ctrl,-0.48509318033931775
GCTCTGTAGAGTTGGC-1-Ant_organoid_Ctrl,-0.6262717947363854
GCTCTGTGTTGGACCC-1-Ant_organoid_Ctrl,-0.6333002618514001
GCTGCAGAGCGTAATA-1-Ant_organoid_Ctrl,1.2580039697885512
GCTGCAGTCATAAAGG-1-Ant_organoid_Ctrl,-0.5182341820746661
GCTGCAGTCCGCGGTA-1-Ant_organoid_Ctrl,-0.8192836814187467
GCTGCGAAGATATGGT-1-Ant_organoid_Ctrl,-0.7330233085155486
GCTGCGAAGCAATCTC-1-Ant_organoid_Ctrl,-0.019333025850355623
GCTGCGAAGGCTAGAC-1-Ant_organoid_Ctrl,-0.4444966381415725
GCTGCGAGTACCGCTG-1-Ant_organoid_Ctrl,0.6317833065986633
GCTGCGATCTTATCTG-1-Ant_organoid_Ctrl,-0.16082704409956933
GCTGCTTCACAAGTAA-1-Ant_organoid_Ctrl,-0.3043368197977543
GCTGCTTGTCTGCAAT-1-Ant_organoid_Ctrl,-0.8106683303415776
GCTTCCAAGCGCTCCA-1-Ant_organoid_Ctrl,-0.6525927029550076
GCTTCCAAGTGAACGC-1-Ant_organoid_Ctrl,1.6948972452431916
GCTTCCAGTGCGAAAC-1-Ant_organoid_Ctrl,0.3968630361743271
GCTTCCAGTTTAGGAA-1-Ant_organoid_Ctrl,-0.12607764894142748
GCTTGAATCAAAGACA-1-Ant_organoid_Ctrl,-0.6449589552357793
GCTTGAATCACAGTAC-1-Ant_organoid_Ctrl,-0.29083161175251004
GGAAAGCCAAGCCTAT-1-Ant_organoid_Ctrl,-0.5341931702196598
GGAAAGCCAATCGGTT-1-Ant_organoid_Ctrl,-0.6381435241550207
GGAAAGCTCCCTCAGT-1-Ant_organoid_Ctrl,-0.785612645377405
GGAACTTAGAAACCAT-1-Ant_organoid_Ctrl,-0.4690243819355965
GGAACTTGTTGGTGGA-1-Ant_organoid_Ctrl,-0.7076514018606395
GGAACTTTCTGTCTCG-1-Ant_organoid_Ctrl,-0.558281923350878
GGAATAAGTACCGAGA-1-Ant_organoid_Ctrl,-0.7173236866109074
GGAATAATCACCAGGC-1-Ant_organoid_Ctrl,-0.5697327310498803
GGACAAGAGTCATGCT-1-Ant_organoid_Ctrl,-0.7275922805070877
GGACAAGAGTGACATA-1-Ant_organoid_Ctrl,-0.39387316327542066
GGACAAGAGTGTACTC-1-Ant_organoid_Ctrl,-0.730437355786562
GGACAAGGTGTGACGA-1-Ant_organoid_Ctrl,-0.37486700592562555
GGACAAGTCGGTCTAA-1-Ant_organoid_Ctrl,1.21624216157943
GGACAGACAATGTTGC-1-Ant_organoid_Ctrl,0.0020519997272640533
GGACAGATCACCGTAA-1-Ant_organoid_Ctrl,-0.7476245095580816
GGACATTCATTGGCGC-1-Ant_organoid_Ctrl,-0.848582646624418
GGACGTCCAAGCGAGT-1-Ant_organoid_Ctrl,-0.7437191686034202
GGACGTCCAGTTCCCT-1-Ant_organoid_Ctrl,-0.7137356767058373
GGACGTCGTGCAACGA-1-Ant_organoid_Ctrl,-0.9164953522011637
GGACGTCTCCTTTACA-1-Ant_organoid_Ctrl,0.522549432143569
GGAGCAACAAAGCAAT-1-Ant_organoid_Ctrl,-0.11349090048111976
GGAGCAACAGCATACT-1-Ant_organoid_Ctrl,0.18054021567106246
GGAGCAAGTAAATGTG-1-Ant_organoid_Ctrl,-0.8135962349735201
GGAGCAATCCTTAATC-1-Ant_organoid_Ctrl,-0.7647714936733245
GGAGCAATCCTTTCGG-1-Ant_organoid_Ctrl,-0.8227887578308583
GGATGTTGTACATGTC-1-Ant_organoid_Ctrl,0.7128309947252274
GGATTACAGGGAGTAA-1-Ant_organoid_Ctrl,-0.7122913196124137
GGATTACCAAATTGCC-1-Ant_organoid_Ctrl,-0.694215696323663
GGCAATTGTCCATCCT-1-Ant_organoid_Ctrl,0.04171682000160218
GGCAATTTCACTATTC-1-Ant_organoid_Ctrl,-0.7086524192243815
GGCCGATCAAGAAGAG-1-Ant_organoid_Ctrl,-0.3288107401132584
GGCCGATGTATGAATG-1-Ant_organoid_Ctrl,-0.743662514090538
GGCCGATGTATGGTTC-1-Ant_organoid_Ctrl,-0.15835050612688062
GGCGTGTGTCTAGGTT-1-Ant_organoid_Ctrl,-0.7316415876150131
GGCGTGTTCAGTTTGG-1-Ant_organoid_Ctrl,-0.401684353351593
GGCTCGAAGGAGCGAG-1-Ant_organoid_Ctrl,-0.4784272834658623
GGCTCGAGTCAAAGCG-1-Ant_organoid_Ctrl,-0.027977393269538853
GGCTGGTAGTGGGTTG-1-Ant_organoid_Ctrl,-0.2778717769682407
GGCTGGTCAACGCACC-1-Ant_organoid_Ctrl,-0.8676048259064555
GGCTGGTCACAGACAG-1-Ant_organoid_Ctrl,-0.8126804524660111
GGCTGGTCATATGCTG-1-Ant_organoid_Ctrl,-0.8221426452510059
GGCTGGTGTTAAGACA-1-Ant_organoid_Ctrl,-0.9082515916228294
GGCTGGTGTTCCACTC-1-Ant_organoid_Ctrl,-0.47187202289700503
GGGAATGAGAATGTGT-1-Ant_organoid_Ctrl,-0.6413605557009578
GGGAATGGTAAAGTCA-1-Ant_organoid_Ctrl,0.3778593586664647
GGGACCTAGTAGATGT-1-Ant_organoid_Ctrl,-0.8558000449836254
GGGACCTAGTCGTTTG-1-Ant_organoid_Ctrl,-0.853219599276781
GGGACCTTCAGTTCGA-1-Ant_organoid_Ctrl,0.07529289528727534
GGGACCTTCTAACTTC-1-Ant_organoid_Ctrl,-0.8395319229736924
GGGAGATAGACCGGAT-1-Ant_organoid_Ctrl,-0.7490659870952368
GGGAGATTCGGTTCGG-1-Ant_organoid_Ctrl,-0.4866543638706208
GGGATGACATAGACTC-1-Ant_organoid_Ctrl,-0.6261945623159408
GGGATGATCATGTCTT-1-Ant_organoid_Ctrl,-0.6437337644025684
GGGCACTCAGGAATCG-1-Ant_organoid_Ctrl,-0.12832461711019283
GGGCACTGTCGGCTCA-1-Ant_organoid_Ctrl,-0.004191416017711169
GGGCACTTCCTGCCAT-1-Ant_organoid_Ctrl,-0.6458570700883866
GGGCACTTCTTGCAAG-1-Ant_organoid_Ctrl,-0.8965748431626708
GGGTCTGAGCAATATG-1-Ant_organoid_Ctrl,-0.8380802720412612
GGGTCTGAGTGTTTGC-1-Ant_organoid_Ctrl,-0.80836446066387
GGGTCTGCAGACTCGC-1-Ant_organoid_Ctrl,-0.42939178720116616
GGGTCTGGTAATCACC-1-Ant_organoid_Ctrl,-0.585182546786964
GGGTCTGGTGTTGAGG-1-Ant_organoid_Ctrl,0.17981209844350815
GGGTTGCAGGAATCGC-1-Ant_organoid_Ctrl,-0.10655121423304081
GGGTTGCGTAAAGGAG-1-Ant_organoid_Ctrl,-0.5381636116653681
GGTATTGCAACACCCG-1-Ant_organoid_Ctrl,-0.5639640264026821
GGTATTGCACTAAGTC-1-Ant_organoid_Ctrl,-0.8771004045754671
GGTATTGGTATTCTCT-1-Ant_organoid_Ctrl,-0.7406059557944535
GGTGAAGAGTACGCCC-1-Ant_organoid_Ctrl,-0.7135285207629204
GGTGAAGTCTGGGCCA-1-Ant_organoid_Ctrl,-0.4302165139093995
GGTGCGTCACGAAAGC-1-Ant_organoid_Ctrl,-0.45777984384447334
GGTGCGTGTACCGGCT-1-Ant_organoid_Ctrl,-0.38280615225434306
GGTGTTACATCACAAC-1-Ant_organoid_Ctrl,0.5714370459318161
GGTGTTAGTAGCAAAT-1-Ant_organoid_Ctrl,-0.7603714126162231
GGTGTTAGTCATACTG-1-Ant_organoid_Ctrl,-0.7532005132362246
GGTGTTAGTTCCGTCT-1-Ant_organoid_Ctrl,-0.7482803964614868
GTAACGTGTCAAACTC-1-Ant_organoid_Ctrl,-0.7283617725688964
GTAACGTTCTTCTGGC-1-Ant_organoid_Ctrl,-0.7306783949118107
GTAACTGTCCATGAAC-1-Ant_organoid_Ctrl,-0.6000661210715771
GTAACTGTCGTTTGCC-1-Ant_organoid_Ctrl,-0.37221504414454104
GTACGTAAGGTGACCA-1-Ant_organoid_Ctrl,-0.7583892542496323
GTACGTAGTGCCTTGG-1-Ant_organoid_Ctrl,-0.5422534565813839
GTACGTATCGTTGCCT-1-Ant_organoid_Ctrl,-0.036734942346811295
GTACTCCGTTTGTTTC-1-Ant_organoid_Ctrl,-0.748044961579144
GTACTCCTCACGCGGT-1-Ant_organoid_Ctrl,0.6768260180950165
GTACTCCTCCTTTACA-1-Ant_organoid_Ctrl,-0.6819427774474025
GTACTCCTCGCGTTTC-1-Ant_organoid_Ctrl,-0.9363411816209555
GTACTTTGTGCTTCTC-1-Ant_organoid_Ctrl,-0.7652284079790115
GTAGGCCAGACCTAGG-1-Ant_organoid_Ctrl,-0.3776759795844555
GTAGGCCGTAGAAAGG-1-Ant_organoid_Ctrl,-0.6716107262670994
GTAGGCCGTCATCCCT-1-Ant_organoid_Ctrl,-0.6381624371465295
GTAGTCAAGTGCGATG-1-Ant_organoid_Ctrl,-0.774246728355065
GTAGTCACAGGGTACA-1-Ant_organoid_Ctrl,-0.5156379073113203
GTAGTCACAGTATAAG-1-Ant_organoid_Ctrl,-0.7825232909247279
GTAGTCAGTAGAAAGG-1-Ant_organoid_Ctrl,0.8032649162411689
GTAGTCAGTGGTAACG-1-Ant_organoid_Ctrl,-0.5820221360959112
GTAGTCATCATGTAGC-1-Ant_organoid_Ctrl,-0.8269446491636336
GTATTCTAGTACTTGC-1-Ant_organoid_Ctrl,0.27034886622801424
GTATTCTCAATGGATA-1-Ant_organoid_Ctrl,-0.36366635499522093
GTATTCTTCTGATACG-1-Ant_organoid_Ctrl,-0.889481232650578
GTCAAGTAGGGCATGT-1-Ant_organoid_Ctrl,-0.1618627179414034
GTCAAGTAGTTGTCGT-1-Ant_organoid_Ctrl,-0.9109363235905766
GTCAAGTGTCATATCG-1-Ant_organoid_Ctrl,-0.168681056201458
GTCACAAGTCACAAGG-1-Ant_organoid_Ctrl,-0.8274723082222044
GTCACAAGTCTTTCAT-1-Ant_organoid_Ctrl,-0.23421286255121232
GTCACAAGTGTGAAAT-1-Ant_organoid_Ctrl,-0.26381293714046483
GTCACGGAGGAGTACC-1-Ant_organoid_Ctrl,-0.8184282602649182
GTCACGGCAGCTCGCA-1-Ant_organoid_Ctrl,-0.35907642737030987
GTCACGGGTATTCTCT-1-Ant_organoid_Ctrl,0.6864039359614253
GTCACGGTCCCAACGG-1-Ant_organoid_Ctrl,-0.47362195007503033
GTCATTTTCCCAAGAT-1-Ant_organoid_Ctrl,-0.6808400845713913
GTCCTCAAGATGTTAG-1-Ant_organoid_Ctrl,-0.5662824425846338
GTCCTCACACTGCCAG-1-Ant_organoid_Ctrl,-0.7654097005492076
GTCCTCACACTTGGAT-1-Ant_organoid_Ctrl,-0.8418778862990439
GTCCTCAGTAGGCATG-1-Ant_organoid_Ctrl,-0.29292726397514346
GTCGGGTTCAGTCCCT-1-Ant_organoid_Ctrl,0.13107545897364614
GTCGGGTTCGTAGGTT-1-Ant_organoid_Ctrl,0.2742677931115031
GTCGGGTTCTACCTGC-1-Ant_organoid_Ctrl,-0.7140955423656851
GTCGTAACATACGCTA-1-Ant_organoid_Ctrl,-0.754816307425499
GTCGTAAGTTGTGGCC-1-Ant_organoid_Ctrl,-0.011035911857616154
GTCGTAATCTTACCGC-1-Ant_organoid_Ctrl,-0.823101497683383
GTCTCGTAGCAAATCA-1-Ant_organoid_Ctrl,0.4348588834702969
GTCTCGTCAGGGTACA-1-Ant_organoid_Ctrl,-0.8078670310415328
GTCTCGTTCTGGTGTA-1-Ant_organoid_Ctrl,0.5513217264413833
GTCTTCGCAAGCTGTT-1-Ant_organoid_Ctrl,-0.24926956206560136
GTCTTCGTCGGAAATA-1-Ant_organoid_Ctrl,-0.7315457027405501
GTGAAGGAGGTGACCA-1-Ant_organoid_Ctrl,-0.8408059197897091
GTGAAGGCACCATCCT-1-Ant_organoid_Ctrl,-0.49022408254444594
GTGAAGGCACGGTGTC-1-Ant_organoid_Ctrl,-0.30137345418334005
GTGCAGCAGAAACCAT-1-Ant_organoid_Ctrl,-0.6141217838582815
GTGCAGCCACGCGAAA-1-Ant_organoid_Ctrl,-0.47424027770757676
GTGCAGCCAGTTAACC-1-Ant_organoid_Ctrl,0.561703913807869
GTGCAGCGTACCGAGA-1-Ant_organoid_Ctrl,-0.9926094648614526
GTGCAGCGTGTAAGTA-1-Ant_organoid_Ctrl,0.3838375109434128
GTGCAGCTCTACTTAC-1-Ant_organoid_Ctrl,-0.7808938363194465
GTGCATACAATTGCTG-1-Ant_organoid_Ctrl,-0.7937516060378402
GTGCTTCAGTATGACA-1-Ant_organoid_Ctrl,-0.6765894354321063
GTGCTTCTCCTGCAGG-1-Ant_organoid_Ctrl,-0.12791231434792283
GTGGGTCCACAGCGTC-1-Ant_organoid_Ctrl,0.2851203757524491
GTGGGTCGTCTTGATG-1-Ant_organoid_Ctrl,-0.880084379389882
GTGGGTCTCGCGTAGC-1-Ant_organoid_Ctrl,-0.7218882196123013
GTGTGCGAGTCCGGTC-1-Ant_organoid_Ctrl,0.003377989530563341
GTGTGCGCAATCGGTT-1-Ant_organoid_Ctrl,-0.2692781045660377
GTGTGCGCATGCCTAA-1-Ant_organoid_Ctrl,-0.7391154958307743
GTGTGCGGTCCAAGTT-1-Ant_organoid_Ctrl,-0.8674784716963768
GTGTGCGTCTTCATGT-1-Ant_organoid_Ctrl,-0.2072645475529134
GTGTTAGAGCTAGTCT-1-Ant_organoid_Ctrl,-0.7861699154041708
GTGTTAGCAATGGAGC-1-Ant_organoid_Ctrl,-0.5495189337059856
GTTAAGCAGACTTTCG-1-Ant_organoid_Ctrl,-0.6179828058928252
GTTAAGCCAGCCTGTG-1-Ant_organoid_Ctrl,-0.5730995258688927
GTTAAGCCAGGGCATA-1-Ant_organoid_Ctrl,-0.7634801082685589
GTTAAGCGTACATGTC-1-Ant_organoid_Ctrl,-0.7144670004583895
GTTACAGCATAAGACA-1-Ant_organoid_Ctrl,-0.6099112890660763
GTTCATTAGAGGGCTT-1-Ant_organoid_Ctrl,0.6727573269605637
GTTCGGGAGAATTCCC-1-Ant_organoid_Ctrl,-0.797524674385786
GTTCGGGAGTACATGA-1-Ant_organoid_Ctrl,-0.007418959476053699
GTTCGGGCAGGAACGT-1-Ant_organoid_Ctrl,0.6893257030844688
GTTCTCGCAATCGAAA-1-Ant_organoid_Ctrl,-0.35740121960639953
GTTTCTATCCAGAGGA-1-Ant_organoid_Ctrl,-0.24217638529837132
TAAGAGACACCAGATT-1-Ant_organoid_Ctrl,-0.41894953809678553
TAAGAGAGTAGAGTGC-1-Ant_organoid_Ctrl,0.4795278199017048
TAAGAGAGTGACCAAG-1-Ant_organoid_Ctrl,-0.2922907629236579
TAAGAGATCAGCGATT-1-Ant_organoid_Ctrl,-0.7877458565309644
TAAGAGATCGCCCTTA-1-Ant_organoid_Ctrl,-0.5900563019141555
TAAGCGTGTACCGTAT-1-Ant_organoid_Ctrl,-0.05486446671187878
TAAGCGTTCCATGAAC-1-Ant_organoid_Ctrl,-0.6123864998295903
TAAGTGCGTCACTGGC-1-Ant_organoid_Ctrl,-0.5309076237492263
TAAGTGCTCGCAGGCT-1-Ant_organoid_Ctrl,-0.534910882897675
TACACGACATACTACG-1-Ant_organoid_Ctrl,0.2858146184682846
TACACGATCACGACTA-1-Ant_organoid_Ctrl,-0.40022393815219404
TACAGTGAGAGTAAGG-1-Ant_organoid_Ctrl,-0.7672446263954044
TACAGTGAGTAACCCT-1-Ant_organoid_Ctrl,-0.5592236334457994
TACAGTGAGTGTTTGC-1-Ant_organoid_Ctrl,-0.7189788112789393
TACAGTGCACAGGCCT-1-Ant_organoid_Ctrl,-0.2759012724459171
TACAGTGCACCAGGCT-1-Ant_organoid_Ctrl,0.07491962611675262
TACAGTGCATGCAACT-1-Ant_organoid_Ctrl,-0.5236214116960765
TACAGTGTCTTCATGT-1-Ant_organoid_Ctrl,-0.5204984441772103
TACCTATCATGAGCGA-1-Ant_organoid_Ctrl,0.09758650004863734
TACCTATGTCATGCCG-1-Ant_organoid_Ctrl,0.36079308405518534
TACCTATGTTCGCTAA-1-Ant_organoid_Ctrl,0.5868477880954742
TACCTATTCAAACAAG-1-Ant_organoid_Ctrl,0.0027340767066925675
TACCTTACAAAGTCAA-1-Ant_organoid_Ctrl,-0.617666140794754
TACCTTAGTCCTGCTT-1-Ant_organoid_Ctrl,0.9079640935361386
TACCTTATCCTTAATC-1-Ant_organoid_Ctrl,-0.7056365571171046
TACGGATCAAAGTGCG-1-Ant_organoid_Ctrl,-0.5182059831637889
TACGGATGTAATTGGA-1-Ant_organoid_Ctrl,-0.5886157922632992
TACGGATGTTATCGGT-1-Ant_organoid_Ctrl,-0.29826310105621817
TACGGGCAGAAGGTTT-1-Ant_organoid_Ctrl,-0.14781937323510647
TACGGGCAGGGAAACA-1-Ant_organoid_Ctrl,-0.8174891512095928
TACGGGCGTCTACCTC-1-Ant_organoid_Ctrl,-0.0012815436720848283
TACGGGCTCAAAGTAG-1-Ant_organoid_Ctrl,0.1820154268480837
TACGGTAAGTTACGGG-1-Ant_organoid_Ctrl,-0.7768024652823806
TACGGTACACTGTTAG-1-Ant_organoid_Ctrl,-0.5601368952542544
TACGGTAGTTAAAGAC-1-Ant_organoid_Ctrl,-0.5870630808360875
TACGGTAGTTCATGGT-1-Ant_organoid_Ctrl,-0.4932341703772545
TACGGTATCGATAGAA-1-Ant_organoid_Ctrl,-0.003497575074434267
TACTCATAGAAACCGC-1-Ant_organoid_Ctrl,-0.15330866621807215
TACTCATAGTGGGTTG-1-Ant_organoid_Ctrl,-0.7831068821996451
TACTCATTCAAACAAG-1-Ant_organoid_Ctrl,-0.7576625751703978
TACTCGCCACTCAGGC-1-Ant_organoid_Ctrl,-0.7398977998644114
TACTCGCCAGGTCTCG-1-Ant_organoid_Ctrl,-0.2894542790018022
TACTCGCCATCCTTGC-1-Ant_organoid_Ctrl,-0.6055220536887645
TACTCGCGTCCAGTTA-1-Ant_organoid_Ctrl,-0.4075421425141394
TACTCGCGTCGAATCT-1-Ant_organoid_Ctrl,-0.03730630755424502
TACTCGCGTTCGAATC-1-Ant_organoid_Ctrl,-0.3199780290015042
TACTCGCTCCGTTGTC-1-Ant_organoid_Ctrl,-0.5671275810711085
TACTTACCAAAGTCAA-1-Ant_organoid_Ctrl,-0.3170918945968151
TACTTACCATGTCGAT-1-Ant_organoid_Ctrl,0.43175479806959627
TACTTACGTTCGAATC-1-Ant_organoid_Ctrl,-0.2208626429364085
TACTTACGTTCTGAAC-1-Ant_organoid_Ctrl,-0.8601794609427452
TACTTGTAGTGAAGTT-1-Ant_organoid_Ctrl,-0.4779751390218735
TACTTGTGTAGGAGTC-1-Ant_organoid_Ctrl,0.45389955416321753
TACTTGTGTAGTACCT-1-Ant_organoid_Ctrl,-0.02777164719998837
TACTTGTTCGAATGGG-1-Ant_organoid_Ctrl,-0.8274790183827281
TACTTGTTCTCGGACG-1-Ant_organoid_Ctrl,-0.647145143467933
TAGACCATCGAATGCT-1-Ant_organoid_Ctrl,-0.31717962957918644
TAGAGCTAGATGTGGC-1-Ant_organoid_Ctrl,-0.13613303422927858
TAGCCGGAGTCGATAA-1-Ant_organoid_Ctrl,-0.711399433016777
TAGCCGGGTTATGTGC-1-Ant_organoid_Ctrl,-0.09932756230700762
TAGGCATGTCAAGCGA-1-Ant_organoid_Ctrl,-0.47745191633934153
TAGTGGTCAATAGCGG-1-Ant_organoid_Ctrl,-0.8561967888474464
TAGTGGTGTCGGCACT-1-Ant_organoid_Ctrl,-0.10800298111978923
TAGTGGTGTGGCAAAC-1-Ant_organoid_Ctrl,-0.7249971193820238
TAGTTGGGTAAGTAGT-1-Ant_organoid_Ctrl,-0.09386796183884139
TAGTTGGGTTCTGAAC-1-Ant_organoid_Ctrl,-0.8687896633893252
TAGTTGGTCGTCACGG-1-Ant_organoid_Ctrl,0.8233619992714375
TATCTCACACGGTAGA-1-Ant_organoid_Ctrl,-0.6902946496382356
TATCTCACAGACTCGC-1-Ant_organoid_Ctrl,-0.3489377414435148
TATGCCCTCCACTGGG-1-Ant_organoid_Ctrl,0.5325510557834059
TATGCCCTCCTCTAGC-1-Ant_organoid_Ctrl,-0.30289020409283696
TATTACCCAAACTGTC-1-Ant_organoid_Ctrl,-0.14755827642977237
TATTACCGTCAAGCGA-1-Ant_organoid_Ctrl,0.0794558087270707
TCAACGACAAGCGAGT-1-Ant_organoid_Ctrl,-0.7587441218644381
TCAACGACAAGGGTCA-1-Ant_organoid_Ctrl,-0.6768635500222444
TCAACGAGTTCGGCAC-1-Ant_organoid_Ctrl,-0.6111488614231348
TCAACGATCTCTAAGG-1-Ant_organoid_Ctrl,-0.4435069648176432
TCAATCTAGAATCTCC-1-Ant_organoid_Ctrl,-0.4375563921034336
TCAATCTAGTGACTCT-1-Ant_organoid_Ctrl,-0.10256073981523517
TCAATCTGTCTGCGGT-1-Ant_organoid_Ctrl,0.26292946584522725
TCACAAGAGTCGTTTG-1-Ant_organoid_Ctrl,-0.8020583644881845
TCACAAGGTACCCAAT-1-Ant_organoid_Ctrl,1.3976861764490605
TCACAAGGTCGTCTTC-1-Ant_organoid_Ctrl,0.34707120195031166
TCACAAGGTGTTAAGA-1-Ant_organoid_Ctrl,0.3216447573900223
TCACAAGTCAGTACGT-1-Ant_organoid_Ctrl,-0.6811468783672898
TCACGAATCACAAACC-1-Ant_organoid_Ctrl,0.005419777929782876
TCAGATGTCAGAGCTT-1-Ant_organoid_Ctrl,-0.8416552072763444
TCAGATGTCCAAGCCG-1-Ant_organoid_Ctrl,0.09870860435068607
TCAGCAAAGCGTGAAC-1-Ant_organoid_Ctrl,-0.6329655375704168
TCAGCAACACGGCTAC-1-Ant_organoid_Ctrl,-0.8029725782552123
TCAGCAACATCACAAC-1-Ant_organoid_Ctrl,-0.39770090535283087
TCAGCAATCAACGAAA-1-Ant_organoid_Ctrl,-0.45792728049680587
TCAGCAATCCTATTCA-1-Ant_organoid_Ctrl,-0.1830336669040844
TCAGCTCAGGGATGGG-1-Ant_organoid_Ctrl,-0.7086292597651481
TCAGCTCCAAGTCATC-1-Ant_organoid_Ctrl,-0.8783306567580439
TCAGCTCGTACGCACC-1-Ant_organoid_Ctrl,-0.23385951234027744
TCAGGATAGTTAACGA-1-Ant_organoid_Ctrl,1.2058728474378586
TCAGGATCAAGTAGTA-1-Ant_organoid_Ctrl,0.3644789420068264
TCAGGATTCAGCTGGC-1-Ant_organoid_Ctrl,0.15898323982954027
TCAGGATTCAGTTAGC-1-Ant_organoid_Ctrl,-0.48780973233282565
TCAGGATTCCTGCTTG-1-Ant_organoid_Ctrl,0.8697796956077218
TCAGGTAAGCTCAACT-1-Ant_organoid_Ctrl,-0.23479585636407135
TCAGGTAAGTATTGGA-1-Ant_organoid_Ctrl,-0.7160145310312509
TCAGGTACAAGCCGCT-1-Ant_organoid_Ctrl,0.5415760836005211
TCATTACGTGCTGTAT-1-Ant_organoid_Ctrl,-0.7616178126819432
TCATTACGTTCATGGT-1-Ant_organoid_Ctrl,-0.26765462742187085
TCATTACTCGTAGGAG-1-Ant_organoid_Ctrl,-0.9162479634582996
TCATTTGAGTTACGGG-1-Ant_organoid_Ctrl,-0.7618301741033793
TCATTTGCAGGCTCAC-1-Ant_organoid_Ctrl,-0.6522755463700741
TCATTTGGTGCGCTTG-1-Ant_organoid_Ctrl,-0.10376046365126967
TCATTTGTCTGCGTAA-1-Ant_organoid_Ctrl,-0.9127920791879296
TCCACACAGTTGCAGG-1-Ant_organoid_Ctrl,0.22374233558773995
TCCACACAGTTTGCGT-1-Ant_organoid_Ctrl,-0.055892793089151405
TCCACACCAGTCAGCC-1-Ant_organoid_Ctrl,-0.524626656845212
TCCACACGTGGTTTCA-1-Ant_organoid_Ctrl,-0.45847555888816716
TCCACACGTGTAAGTA-1-Ant_organoid_Ctrl,-0.42505012482404714
TCCACACGTTTGCATG-1-Ant_organoid_Ctrl,-0.7676385679095984
TCGAGGCAGCATGGCA-1-Ant_organoid_Ctrl,-0.7153666427731514
TCGAGGCAGGATGGAA-1-Ant_organoid_Ctrl,-0.4183171153068542
TCGAGGCAGGGTTCCC-1-Ant_organoid_Ctrl,-0.9205030079558492
TCGAGGCGTAGAAGGA-1-Ant_organoid_Ctrl,0.7455109733343124
TCGAGGCTCAGGATCT-1-Ant_organoid_Ctrl,-0.4031975130736828
TCGCGAGTCATGCATG-1-Ant_organoid_Ctrl,0.1698059463966638
TCGCGTTAGAGTGAGA-1-Ant_organoid_Ctrl,-0.5464622090943158
TCGCGTTGTATTCTCT-1-Ant_organoid_Ctrl,-0.6753907063324005
TCGGGACAGCGTGAGT-1-Ant_organoid_Ctrl,-0.7309406487643719
TCGGGACAGGCCCGTT-1-Ant_organoid_Ctrl,-0.56366410353221
TCGGGACAGTTATCGC-1-Ant_organoid_Ctrl,-0.6529542259126901
TCGGGACCACAGATTC-1-Ant_organoid_Ctrl,1.1453880126215519
TCGGGACGTTCGCGAC-1-Ant_organoid_Ctrl,0.059140963633544735
TCGGGACTCACCAGGC-1-Ant_organoid_Ctrl,-0.16232312589883804
TCGGTAAAGATATGCA-1-Ant_organoid_Ctrl,-0.5501786510646343
TCGGTAAAGGCAAAGA-1-Ant_organoid_Ctrl,-0.005923067964613449
TCGGTAAAGTGAACAT-1-Ant_organoid_Ctrl,-0.2377516539208591
TCGTACCCACGGTGTC-1-Ant_organoid_Ctrl,-0.16447467347607014
TCGTACCTCTATGTGG-1-Ant_organoid_Ctrl,-0.7457885313034058
TCGTACCTCTGCTGTC-1-Ant_organoid_Ctrl,-0.7535595526546239
TCGTAGAGTTACGCGC-1-Ant_organoid_Ctrl,-0.708152187988162
TCTATTGCATTGGGCC-1-Ant_organoid_Ctrl,-0.8137027181498706
TCTATTGTCCGTTGCT-1-Ant_organoid_Ctrl,-0.11257875740528112
TCTCATAAGAAACCGC-1-Ant_organoid_Ctrl,-0.5996102157235146
TCTCATAAGAAACGCC-1-Ant_organoid_Ctrl,-0.710197828374803
TCTCATAAGTTGTCGT-1-Ant_organoid_Ctrl,1.1825133520364761
TCTCATACATTGGGCC-1-Ant_organoid_Ctrl,-0.7190920038521289
TCTCTAAAGGATATAC-1-Ant_organoid_Ctrl,-0.24641362160444258
TCTCTAATCAACCATG-1-Ant_organoid_Ctrl,0.6387822926044464
TCTCTAATCAGGCGAA-1-Ant_organoid_Ctrl,-0.48361143220216035
TCTCTAATCTTATCTG-1-Ant_organoid_Ctrl,-0.7243682561069726
TCTGAGAAGGTGCTAG-1-Ant_organoid_Ctrl,-0.0037569697946309988
TCTGAGATCAGGCCCA-1-Ant_organoid_Ctrl,0.24089729513972996
TCTGGAAAGTTGTAGA-1-Ant_organoid_Ctrl,-0.10058756951242685
TCTTCGGCAATAGAGT-1-Ant_organoid_Ctrl,-0.9603751776096761
TCTTCGGGTCATTAGC-1-Ant_organoid_Ctrl,0.19948779597878455
TCTTCGGTCAAGGCTT-1-Ant_organoid_Ctrl,-0.21528958342969418
TGAAAGACAAGACACG-1-Ant_organoid_Ctrl,-0.692215946954675
TGAAAGACACAAGTAA-1-Ant_organoid_Ctrl,-0.3807966903276974
TGAAAGACAGTAACGG-1-Ant_organoid_Ctrl,1.567812792956829
TGAAAGAGTACAGACG-1-Ant_organoid_Ctrl,-0.7628351446893066
TGACAACCACTCTGTC-1-Ant_organoid_Ctrl,-0.7367848333157598
TGACAACTCCAAGCCG-1-Ant_organoid_Ctrl,-0.5749502781592309
TGACAACTCGATGAGG-1-Ant_organoid_Ctrl,-0.8198365103453398
TGACGGCAGAACAATC-1-Ant_organoid_Ctrl,-0.11812965540215373
TGACGGCCAAGCTGAG-1-Ant_organoid_Ctrl,0.1443271818757057
TGACGGCGTAGCGTCC-1-Ant_organoid_Ctrl,-0.014386951252818081
TGACGGCTCACGACTA-1-Ant_organoid_Ctrl,-0.7489356555789709
TGACTAGAGACTGTAA-1-Ant_organoid_Ctrl,-0.20545367628335953
TGACTAGAGCCTATGT-1-Ant_organoid_Ctrl,-0.7876147548854351
TGACTAGAGTATTGGA-1-Ant_organoid_Ctrl,-0.09109658539295196
TGACTAGGTACAGCAG-1-Ant_organoid_Ctrl,-0.7906503882445395
TGACTTTGTAGTGAAT-1-Ant_organoid_Ctrl,-0.5874013643153012
TGACTTTGTTACGTCA-1-Ant_organoid_Ctrl,1.6674168354272842
TGACTTTTCACCACCT-1-Ant_organoid_Ctrl,-0.8452944697998463
TGACTTTTCGCTTAGA-1-Ant_organoid_Ctrl,-0.3985375105589628
TGAGAGGAGGTAGCCA-1-Ant_organoid_Ctrl,-0.29692620515823365
TGAGAGGGTCTTGATG-1-Ant_organoid_Ctrl,-0.7606684579700231
TGAGAGGTCGATCCCT-1-Ant_organoid_Ctrl,0.20216348886489865
TGAGCATTCCAGGGCT-1-Ant_organoid_Ctrl,-0.3389174474775791
TGAGCCGAGAAGGACA-1-Ant_organoid_Ctrl,-0.4469820663705468
TGAGCCGGTAGCCTCG-1-Ant_organoid_Ctrl,-0.8230006410740316
TGAGCCGGTCTTCGTC-1-Ant_organoid_Ctrl,-0.8804461027309298
TGAGCCGGTGCGAAAC-1-Ant_organoid_Ctrl,-1.0110248819738628
TGAGGGAAGCCCGAAA-1-Ant_organoid_Ctrl,-0.8167313763126731
TGAGGGAAGTCTCAAC-1-Ant_organoid_Ctrl,0.10535568375140425
TGAGGGAGTACAGACG-1-Ant_organoid_Ctrl,-0.4724579083546996
TGAGGGATCCCGACTT-1-Ant_organoid_Ctrl,-0.7632292072474957
TGATTTCAGCGCCTTG-1-Ant_organoid_Ctrl,-0.2232584241405129
TGATTTCGTCACCTAA-1-Ant_organoid_Ctrl,0.23933648224920034
TGCACCTAGCGATAGC-1-Ant_organoid_Ctrl,-0.167299888972193
TGCACCTTCGAACTGT-1-Ant_organoid_Ctrl,-0.7538239587843418
TGCCAAATCCGAATGT-1-Ant_organoid_Ctrl,-0.7785550020262599
TGCCAAATCTGAGGGA-1-Ant_organoid_Ctrl,-0.880097978580743
TGCCCATAGCTCCTTC-1-Ant_organoid_Ctrl,0.49850435912609103
TGCCCATTCTGCTGCT-1-Ant_organoid_Ctrl,0.2203695186972618
TGCCCTACATTACCTT-1-Ant_organoid_Ctrl,-0.3761328065395355
TGCCCTAGTCCGAACC-1-Ant_organoid_Ctrl,-0.09710162553936241
TGCCCTATCGGCATCG-1-Ant_organoid_Ctrl,-0.7955433388636448
TGCGCAGAGCCCAACC-1-Ant_organoid_Ctrl,0.0487181286327541
TGCGCAGAGTATTGGA-1-Ant_organoid_Ctrl,-0.928133448511362
TGCGCAGTCTCTTATG-1-Ant_organoid_Ctrl,0.17453645890578628
TGCGGGTAGCGGATCA-1-Ant_organoid_Ctrl,-0.8291567712649703
TGCGGGTAGTGTACGG-1-Ant_organoid_Ctrl,0.21326418410986664
TGCGGGTTCTTCGAGA-1-Ant_organoid_Ctrl,-0.7242231008596718
TGCGTGGAGTCCCACG-1-Ant_organoid_Ctrl,-0.35315007667290044
TGCGTGGCAATCACAC-1-Ant_organoid_Ctrl,-0.636385430470109
TGCGTGGGTGGAAAGA-1-Ant_organoid_Ctrl,-0.754034586250782
TGCTACCAGATGCCAG-1-Ant_organoid_Ctrl,-0.12084956370294092
TGCTACCCACCGCTAG-1-Ant_organoid_Ctrl,-0.799287471473217
TGCTACCGTTAAGATG-1-Ant_organoid_Ctrl,-0.2148186458321288
TGCTACCTCTCTTGAT-1-Ant_organoid_Ctrl,-0.24588040418922902
TGCTACCTCTGGCGTG-1-Ant_organoid_Ctrl,1.2650755107402802
TGCTGCTAGAACAACT-1-Ant_organoid_Ctrl,-0.5308378818258643
TGCTGCTAGACAAAGG-1-Ant_organoid_Ctrl,-0.8141312545537949
TGCTGCTCAGTCGATT-1-Ant_organoid_Ctrl,0.5004769843816758
TGCTGCTCATGCCTAA-1-Ant_organoid_Ctrl,-0.2969018197059632
TGGACGCAGGATCGCA-1-Ant_organoid_Ctrl,-0.7874706861190498
TGGACGCGTGTGACGA-1-Ant_organoid_Ctrl,-0.15303549390286209
TGGACGCGTTGAGGTG-1-Ant_organoid_Ctrl,-0.5051560784690082
TGGCCAGCACATTTCT-1-Ant_organoid_Ctrl,-0.8940946574974805
TGGCCAGGTTATCACG-1-Ant_organoid_Ctrl,-0.8070158999040723
TGGCCAGTCACTTCAT-1-Ant_organoid_Ctrl,0.2562777239084244
TGGCGCAAGACCTAGG-1-Ant_organoid_Ctrl,-0.08696959204971791
TGGCGCAGTAGCTAAA-1-Ant_organoid_Ctrl,-0.18591913223266598
TGGCGCAGTTAGTGGG-1-Ant_organoid_Ctrl,-0.7652550146356225
TGGCGCATCTGATACG-1-Ant_organoid_Ctrl,-0.49511191755533224
TGGCTGGAGTAGGCCA-1-Ant_organoid_Ctrl,0.012813076823949804
TGGCTGGAGTGGGATC-1-Ant_organoid_Ctrl,0.48014663487672804
TGGCTGGCACACCGCA-1-Ant_organoid_Ctrl,-0.4706523353606462
TGGCTGGCATGCCACG-1-Ant_organoid_Ctrl,0.3856115835905075
TGGCTGGGTCAAAGCG-1-Ant_organoid_Ctrl,-0.8586735613830387
TGGGAAGGTGCGCTTG-1-Ant_organoid_Ctrl,-0.8581067315489054
TGGGAAGTCACCTTAT-1-Ant_organoid_Ctrl,-0.78325775648118
TGGGCGTTCAGTTTGG-1-Ant_organoid_Ctrl,-0.27260663926601414
TGGTTAGCAGGTGCCT-1-Ant_organoid_Ctrl,-0.830736344344914
TGGTTAGGTCTCTCTG-1-Ant_organoid_Ctrl,-0.6610615404695273
TGGTTAGTCACCGTAA-1-Ant_organoid_Ctrl,-0.3781270867958665
TGGTTCCGTGACTCAT-1-Ant_organoid_Ctrl,0.9559940147399902
TGGTTCCTCCACTGGG-1-Ant_organoid_Ctrl,-0.6799816143827047
TGGTTCCTCCTTTCGG-1-Ant_organoid_Ctrl,-0.025536524653434756
TGGTTCCTCGCCTGAG-1-Ant_organoid_Ctrl,-0.4241900681331754
TGTATTCTCGAGCCCA-1-Ant_organoid_Ctrl,-0.8142861729487777
TGTCCCACACCGTTGG-1-Ant_organoid_Ctrl,-0.8590733963996172
TGTCCCATCGTACGGC-1-Ant_organoid_Ctrl,-0.27168166454881426
TGTGGTAAGACGCACA-1-Ant_organoid_Ctrl,-0.20756080687046052
TGTGGTAAGTATGACA-1-Ant_organoid_Ctrl,-0.38980774402618407
TGTGTTTAGTGAATTG-1-Ant_organoid_Ctrl,-0.18022219371050596
TGTGTTTTCGTGGACC-1-Ant_organoid_Ctrl,-0.18653927266597747
TTAACTCAGGCTCTTA-1-Ant_organoid_Ctrl,-0.7120113135688007
TTAACTCAGGTGATAT-1-Ant_organoid_Ctrl,-0.7510608007013797
TTAACTCAGTGAAGTT-1-Ant_organoid_Ctrl,-0.8219378980994224
TTAACTCCACGACGAA-1-Ant_organoid_Ctrl,-0.7078224465250968
TTAACTCGTTATGTGC-1-Ant_organoid_Ctrl,-0.8407574942405336
TTAGGACAGCCCAGCT-1-Ant_organoid_Ctrl,-0.7813923490047455
TTAGGACTCATCTGCC-1-Ant_organoid_Ctrl,-0.8459832999925129
TTAGGCACAATCTACG-1-Ant_organoid_Ctrl,-0.7790247369557619
TTAGGCAGTCGGCTCA-1-Ant_organoid_Ctrl,-0.8354317867755889
TTAGGCATCTATGTGG-1-Ant_organoid_Ctrl,-0.6314009666070342
TTAGTTCGTAGCTTGT-1-Ant_organoid_Ctrl,-0.9907754753530026
TTAGTTCTCTTTAGTC-1-Ant_organoid_Ctrl,-0.8635512932902202
TTATGCTGTCCGAGTC-1-Ant_organoid_Ctrl,-0.806570187471807
TTATGCTGTGTTAAGA-1-Ant_organoid_Ctrl,-0.3485320016741753
TTCCCAGAGATACACA-1-Ant_organoid_Ctrl,-0.1863956020027399
TTCCCAGAGGCCCGTT-1-Ant_organoid_Ctrl,-0.7450683635071255
TTCCCAGCAAGTACCT-1-Ant_organoid_Ctrl,0.9107816994190217
TTCCCAGGTCTGCGGT-1-Ant_organoid_Ctrl,-0.7946643863618374
TTCCCAGGTGATGTGG-1-Ant_organoid_Ctrl,-0.7860021959803999
TTCCCAGGTGTTCTTT-1-Ant_organoid_Ctrl,-0.8806013756245374
TTCCCAGTCATAAAGG-1-Ant_organoid_Ctrl,-0.6151788736879826
TTCCCAGTCTGCAAGT-1-Ant_organoid_Ctrl,-0.6386105173826218
TTCGAAGTCTCTGAGA-1-Ant_organoid_Ctrl,-0.1097794906049967
TTCGGTCTCGTGGACC-1-Ant_organoid_Ctrl,-0.7967889758944511
TTCTACAAGGATCGCA-1-Ant_organoid_Ctrl,-0.6352310416847468
TTCTACATCGTTACGA-1-Ant_organoid_Ctrl,-0.7324620285071433
TTCTCCTAGGGATCTG-1-Ant_organoid_Ctrl,-0.9363749362714588
TTCTCCTAGTGTGGCA-1-Ant_organoid_Ctrl,-0.6740988850593567
TTCTCCTCAGCGTAAG-1-Ant_organoid_Ctrl,-0.6586904419958591
TTCTCCTGTGTGCGTC-1-Ant_organoid_Ctrl,-0.24565824016463012
TTCTTAGAGAATAGGG-1-Ant_organoid_Ctrl,0.2629320129752159
TTCTTAGAGAGTAAGG-1-Ant_organoid_Ctrl,-0.8566728801652789
TTCTTAGGTTTGACTG-1-Ant_organoid_Ctrl,-0.5599491545278579
TTGAACGCATGCTGGC-1-Ant_organoid_Ctrl,-0.6001767893135548
TTGAACGGTAGCTCCG-1-Ant_organoid_Ctrl,-0.6907879971712828
TTGAACGGTCATATCG-1-Ant_organoid_Ctrl,-0.40689200997352604
TTGACTTAGCACACAG-1-Ant_organoid_Ctrl,-0.39916132370010016
TTGACTTAGGATTCGG-1-Ant_organoid_Ctrl,-0.8663805361837149
TTGACTTCACGGTAGA-1-Ant_organoid_Ctrl,-0.20155847266316418
TTGACTTGTGATAAGT-1-Ant_organoid_Ctrl,-0.28307943236082794
TTGCCGTAGGCACATG-1-Ant_organoid_Ctrl,0.05139386177062988
TTGCGTCAGCGCTCCA-1-Ant_organoid_Ctrl,-0.950089479185408
TTGCGTCTCCACGACG-1-Ant_organoid_Ctrl,-0.5930360890924931
TTGCGTCTCGAGCCCA-1-Ant_organoid_Ctrl,0.02647804947569965
TTGGAACAGACAAGCC-1-Ant_organoid_Ctrl,-0.7283305317535996
TTGGAACCAAGCGATG-1-Ant_organoid_Ctrl,-0.7458532340748933
TTGGCAAGTCGGCATC-1-Ant_organoid_Ctrl,-0.4526101273298263
TTGGCAATCCAGGGCT-1-Ant_organoid_Ctrl,-0.7641253998875618
TTGTAGGCACAACGTT-1-Ant_organoid_Ctrl,-0.6526631981134414
TTTACTGCACATAACC-1-Ant_organoid_Ctrl,-0.5451578387618066
TTTACTGCAGTAACGG-1-Ant_organoid_Ctrl,-0.897122657597065
TTTACTGTCATAAAGG-1-Ant_organoid_Ctrl,-0.7761609532684088
TTTATGCTCCTGCAGG-1-Ant_organoid_Ctrl,-0.7274576877639629
TTTCCTCCACAGGTTT-1-Ant_organoid_Ctrl,0.2192255812883377
TTTCCTCGTAAATACG-1-Ant_organoid_Ctrl,-0.5904932088404894
TTTGCGCCAATTGCTG-1-Ant_organoid_Ctrl,-0.4973410826176405
TTTGCGCGTGCGATAG-1-Ant_organoid_Ctrl,0.5165512877702713
TTTGTCATCTGCCAGG-1-Ant_organoid_Ctrl,0.64295086607337
